ApplicantIncome,CoapplicantIncome,LoanAmount,Loan_Amount_Term,Credit_History,TotalIncome,LoanToIncomeRatio,MonthlyIncome,MonthlyPayment,PaymentToIncomeRatio,HasCoapplicant,Gender_encoded,Married_encoded,Dependents_encoded,Education_encoded,Self_Employed_encoded,Property_Area_encoded,IncomeLevel_encoded,LoanAmountLevel_encoded
5849.0,0.0,128.0,360.0,1.0,5849.0,0.021884082749187895,487.4166666666667,10.666666666666666,0.021884082749187895,0,1,0,0,0,0,2,0,1
4583.0,1508.0,128.0,360.0,1.0,6091.0,0.0210146117222131,507.5833333333333,10.666666666666666,0.0210146117222131,1,1,1,1,0,0,0,0,1
3000.0,0.0,66.0,360.0,1.0,3000.0,0.022,250.0,5.5,0.022,0,1,1,0,0,1,2,1,2
2583.0,2358.0,120.0,360.0,1.0,4941.0,0.024286581663630843,411.75,10.0,0.024286581663630843,1,1,1,0,1,0,2,2,1
6000.0,0.0,141.0,360.0,1.0,6000.0,0.0235,500.0,11.75,0.0235,0,1,0,0,0,0,2,0,0
5417.0,4196.0,267.0,360.0,1.0,9613.0,0.027774888172266723,801.0833333333334,22.25,0.02777488817226672,1,1,1,2,0,1,2,3,3
2333.0,1516.0,95.0,360.0,1.0,3849.0,0.024681735515718367,320.75,7.916666666666667,0.02468173551571837,1,1,1,0,1,0,2,1,2
3036.0,2504.0,158.0,360.0,0.0,5540.0,0.02851985559566787,461.6666666666667,13.166666666666666,0.028519855595667866,1,1,1,3,0,0,1,0,0
4006.0,1526.0,168.0,360.0,1.0,5532.0,0.03036876355748373,461.0,14.0,0.03036876355748373,1,1,1,2,0,0,2,0,3
12841.0,10968.0,349.0,360.0,1.0,23809.0,0.014658322483094628,1984.0833333333333,29.083333333333332,0.014658322483094628,1,1,1,1,0,0,1,3,3
3200.0,700.0,70.0,360.0,1.0,3900.0,0.017948717948717947,325.0,5.833333333333333,0.017948717948717947,1,1,1,2,0,0,2,1,2
2500.0,1840.0,109.0,360.0,1.0,4340.0,0.02511520737327189,361.6666666666667,9.083333333333334,0.02511520737327189,1,1,1,2,0,0,2,2,1
3073.0,8106.0,200.0,360.0,1.0,11179.0,0.01789068789694964,931.5833333333334,16.666666666666668,0.01789068789694964,1,1,1,2,0,0,2,3,3
1853.0,2840.0,114.0,360.0,1.0,4693.0,0.024291497975708502,391.0833333333333,9.5,0.024291497975708502,1,1,0,0,0,0,0,2,1
1299.0,1086.0,17.0,120.0,1.0,2385.0,0.007127882599580713,198.75,4.25,0.021383647798742137,1,1,1,2,0,0,2,1,2
4950.0,0.0,125.0,360.0,1.0,4950.0,0.025252525252525252,412.5,10.416666666666666,0.025252525252525252,0,1,0,0,0,0,2,2,1
3596.0,0.0,100.0,240.0,1.0,3596.0,0.027808676307007785,299.6666666666667,12.5,0.04171301446051168,0,1,0,1,1,0,2,1,2
3510.0,0.0,76.0,360.0,0.0,3510.0,0.021652421652421653,292.5,6.333333333333333,0.021652421652421653,0,0,0,0,0,0,2,1,2
4887.0,0.0,133.0,360.0,1.0,4887.0,0.027215060364231634,407.25,11.083333333333334,0.027215060364231637,0,1,1,0,1,0,0,2,0
2600.0,3500.0,115.0,360.0,1.0,6100.0,0.018852459016393444,508.3333333333333,9.583333333333334,0.018852459016393444,1,1,1,0,0,0,2,0,1
7660.0,0.0,104.0,360.0,0.0,7660.0,0.013577023498694517,638.3333333333334,8.666666666666666,0.013577023498694515,0,1,1,0,1,0,2,3,1
5955.0,5625.0,315.0,360.0,1.0,11580.0,0.027202072538860103,965.0,26.25,0.027202072538860103,1,1,1,1,0,0,2,3,3
2600.0,1911.0,116.0,360.0,0.0,4511.0,0.025714919086677012,375.9166666666667,9.666666666666666,0.02571491908667701,1,1,1,0,1,0,1,2,1
3365.0,1917.0,112.0,360.0,0.0,5282.0,0.021204089360090876,440.1666666666667,9.333333333333334,0.021204089360090876,1,1,1,2,1,0,0,2,1
3717.0,2925.0,151.0,360.0,1.0,6642.0,0.02273411623005119,553.5,12.583333333333334,0.022734116230051192,1,1,1,1,0,0,1,0,0
9560.0,0.0,191.0,360.0,1.0,9560.0,0.01997907949790795,796.6666666666666,15.916666666666666,0.01997907949790795,0,1,1,0,0,1,1,3,3
2799.0,2253.0,122.0,360.0,1.0,5052.0,0.02414885193982581,421.0,10.166666666666666,0.02414885193982581,1,1,1,0,0,0,1,2,1
4226.0,1040.0,110.0,360.0,1.0,5266.0,0.020888720091150777,438.8333333333333,9.166666666666666,0.020888720091150777,1,1,1,2,1,0,2,2,1
1442.0,0.0,35.0,360.0,1.0,1442.0,0.024271844660194174,120.16666666666667,2.9166666666666665,0.02427184466019417,0,1,0,0,1,0,2,1,2
3750.0,2083.0,120.0,360.0,1.0,5833.0,0.020572604148808505,486.0833333333333,10.0,0.020572604148808505,1,0,0,2,0,0,1,0,1
4166.0,3369.0,201.0,360.0,1.0,7535.0,0.026675514266755143,627.9166666666666,16.75,0.026675514266755143,1,1,1,1,0,0,2,3,3
3167.0,0.0,74.0,360.0,1.0,3167.0,0.023365961477739186,263.9166666666667,6.166666666666667,0.023365961477739186,0,1,0,0,0,0,2,1,2
4692.0,0.0,106.0,360.0,1.0,4692.0,0.022591645353793693,391.0,8.833333333333334,0.022591645353793693,0,1,0,1,0,1,0,2,1
3500.0,1667.0,114.0,360.0,1.0,5167.0,0.022063092703696534,430.5833333333333,9.5,0.022063092703696538,1,1,1,0,0,0,1,2,1
12500.0,3000.0,320.0,360.0,1.0,15500.0,0.02064516129032258,1291.6666666666667,26.666666666666668,0.02064516129032258,1,1,0,3,0,0,0,3,3
2275.0,2067.0,128.0,360.0,1.0,4342.0,0.02947950253339475,361.8333333333333,10.666666666666666,0.02947950253339475,1,1,1,0,0,0,2,2,1
1828.0,1330.0,100.0,360.0,0.0,3158.0,0.031665611146295125,263.1666666666667,8.333333333333334,0.031665611146295125,1,1,1,0,0,0,2,1,2
3667.0,1459.0,144.0,360.0,1.0,5126.0,0.02809207959422552,427.1666666666667,12.0,0.028092079594225515,1,0,1,0,0,0,1,2,0
4166.0,7210.0,184.0,360.0,1.0,11376.0,0.01617440225035162,948.0,15.333333333333334,0.01617440225035162,1,1,0,0,0,0,2,3,3
3748.0,1668.0,110.0,360.0,1.0,5416.0,0.02031019202363368,451.3333333333333,9.166666666666666,0.020310192023633676,1,1,0,0,1,0,1,2,1
3600.0,0.0,80.0,360.0,1.0,3600.0,0.022222222222222223,300.0,6.666666666666667,0.022222222222222223,0,1,0,0,0,0,2,1,2
1800.0,1213.0,47.0,360.0,1.0,3013.0,0.015599070693660804,251.08333333333334,3.9166666666666665,0.015599070693660802,1,1,0,0,0,0,2,1,2
2400.0,0.0,75.0,360.0,1.0,2400.0,0.03125,200.0,6.25,0.03125,0,1,1,0,0,0,2,1,2
3941.0,2336.0,134.0,360.0,1.0,6277.0,0.021347777600764697,523.0833333333334,11.166666666666666,0.021347777600764693,1,1,1,0,0,0,1,0,0
4695.0,0.0,96.0,360.0,1.0,4695.0,0.020447284345047924,391.25,8.0,0.020447284345047924,0,1,1,0,1,1,2,2,2
3410.0,0.0,88.0,360.0,1.0,3410.0,0.025806451612903226,284.1666666666667,7.333333333333333,0.025806451612903222,0,0,0,0,0,0,2,1,2
5649.0,0.0,44.0,360.0,1.0,5649.0,0.007788989201628607,470.75,3.6666666666666665,0.007788989201628607,0,1,1,1,0,0,2,0,2
5821.0,0.0,144.0,360.0,1.0,5821.0,0.02473801752276241,485.0833333333333,12.0,0.024738017522762414,0,1,1,0,0,0,2,0,0
2645.0,3440.0,120.0,360.0,0.0,6085.0,0.01972062448644207,507.0833333333333,10.0,0.01972062448644207,1,0,1,0,0,0,2,0,1
4000.0,2275.0,144.0,360.0,1.0,6275.0,0.022948207171314742,522.9166666666666,12.0,0.022948207171314742,1,0,0,0,0,0,1,0,0
1928.0,1644.0,100.0,360.0,1.0,3572.0,0.027995520716685332,297.6666666666667,8.333333333333334,0.027995520716685332,1,0,1,0,1,0,1,1,2
3086.0,0.0,120.0,360.0,1.0,3086.0,0.03888528839922229,257.1666666666667,10.0,0.03888528839922229,0,0,0,0,0,0,1,1,1
4230.0,0.0,112.0,360.0,1.0,4230.0,0.026477541371158392,352.5,9.333333333333334,0.026477541371158392,0,0,0,0,0,0,1,2,1
4616.0,0.0,134.0,360.0,1.0,4616.0,0.02902946273830156,384.6666666666667,11.166666666666666,0.029029462738301558,0,1,1,2,0,0,2,2,0
11500.0,0.0,286.0,360.0,0.0,11500.0,0.024869565217391306,958.3333333333334,23.833333333333332,0.024869565217391303,0,0,1,1,0,1,2,3,3
2708.0,1167.0,97.0,360.0,1.0,3875.0,0.02503225806451613,322.9166666666667,8.083333333333334,0.02503225806451613,1,1,1,2,0,0,1,1,2
2132.0,1591.0,96.0,360.0,1.0,3723.0,0.0257856567284448,310.25,8.0,0.0257856567284448,1,1,1,0,0,0,1,1,2
3366.0,2200.0,135.0,360.0,1.0,5566.0,0.024254401724757457,463.8333333333333,11.25,0.024254401724757457,1,1,1,0,0,0,0,0,0
8080.0,2250.0,180.0,360.0,1.0,10330.0,0.017424975798644726,860.8333333333334,15.0,0.017424975798644722,1,1,1,1,0,0,2,3,3
3357.0,2859.0,144.0,360.0,1.0,6216.0,0.023166023166023165,518.0,12.0,0.023166023166023165,1,1,1,2,1,0,2,0,0
2500.0,3796.0,120.0,360.0,1.0,6296.0,0.01905972045743329,524.6666666666666,10.0,0.01905972045743329,1,1,1,0,0,0,2,0,1
3029.0,0.0,99.0,360.0,1.0,3029.0,0.03268405414328161,252.41666666666666,8.25,0.03268405414328161,0,1,1,3,0,0,2,1,2
2609.0,3449.0,165.0,180.0,0.0,6058.0,0.02723671178606801,504.8333333333333,27.5,0.05447342357213602,1,1,1,0,1,1,0,0,3
4945.0,0.0,128.0,360.0,0.0,4945.0,0.025884732052578362,412.0833333333333,10.666666666666666,0.025884732052578362,0,1,1,1,0,0,0,2,1
4166.0,0.0,116.0,360.0,0.0,4166.0,0.02784445511281805,347.1666666666667,9.666666666666666,0.027844455112818047,0,0,0,0,0,0,1,1,1
5726.0,4595.0,258.0,360.0,1.0,10321.0,0.024997577754093597,860.0833333333334,21.5,0.024997577754093593,1,1,1,0,0,0,1,3,3
3200.0,2254.0,126.0,180.0,0.0,5454.0,0.0231023102310231,454.5,21.0,0.0462046204620462,1,1,0,0,1,0,2,0,1
10750.0,0.0,312.0,360.0,1.0,10750.0,0.02902325581395349,895.8333333333334,26.0,0.029023255813953486,0,1,1,1,0,0,2,3,3
7100.0,0.0,125.0,60.0,1.0,7100.0,0.017605633802816902,591.6666666666666,62.5,0.10563380281690142,0,1,1,3,1,1,2,0,1
4300.0,0.0,136.0,360.0,0.0,4300.0,0.03162790697674418,358.3333333333333,11.333333333333334,0.03162790697674419,0,0,0,0,0,0,1,2,0
3208.0,3066.0,172.0,360.0,1.0,6274.0,0.027414727446605038,522.8333333333334,14.333333333333334,0.027414727446605038,1,1,1,0,0,0,2,0,3
1875.0,1875.0,97.0,360.0,1.0,3750.0,0.025866666666666666,312.5,8.083333333333334,0.02586666666666667,1,1,1,2,1,1,1,1,2
3500.0,0.0,81.0,300.0,1.0,3500.0,0.023142857142857142,291.6666666666667,8.1,0.02777142857142857,0,1,0,0,0,0,1,1,2
4755.0,0.0,95.0,360.0,0.0,4755.0,0.019978969505783387,396.25,7.916666666666667,0.019978969505783387,0,1,1,3,1,0,1,2,2
5266.0,1774.0,187.0,360.0,1.0,7040.0,0.0265625,586.6666666666666,15.583333333333334,0.026562500000000003,1,1,1,3,0,1,1,0,3
3750.0,0.0,113.0,480.0,1.0,3750.0,0.030133333333333335,312.5,7.0625,0.0226,0,1,0,0,0,0,2,1,1
3750.0,4750.0,176.0,360.0,1.0,8500.0,0.020705882352941178,708.3333333333334,14.666666666666666,0.020705882352941175,1,1,0,0,0,0,2,3,3
1000.0,3022.0,110.0,360.0,1.0,4022.0,0.02734957732471407,335.1666666666667,9.166666666666666,0.027349577324714068,1,1,1,1,0,1,2,1,1
3167.0,4000.0,180.0,300.0,0.0,7167.0,0.025115110925073254,597.25,18.0,0.0301381331100879,1,1,1,3,0,0,1,0,3
3333.0,2166.0,130.0,360.0,1.0,5499.0,0.02364066193853428,458.25,10.833333333333334,0.023640661938534282,1,1,1,3,1,1,1,0,0
3846.0,0.0,111.0,360.0,1.0,3846.0,0.028861154446177848,320.5,9.25,0.028861154446177848,0,0,0,0,0,0,1,1,1
2395.0,0.0,128.0,360.0,1.0,2395.0,0.05344467640918581,199.58333333333334,10.666666666666666,0.0534446764091858,0,1,1,1,0,1,1,1,1
1378.0,1881.0,167.0,360.0,1.0,3259.0,0.0512427124884934,271.5833333333333,13.916666666666666,0.0512427124884934,1,0,1,2,0,0,2,1,3
6000.0,2250.0,265.0,360.0,1.0,8250.0,0.03212121212121212,687.5,22.083333333333332,0.03212121212121212,1,1,1,0,0,0,1,3,3
3988.0,0.0,50.0,240.0,1.0,3988.0,0.012537612838515547,332.3333333333333,6.25,0.01880641925777332,0,1,1,1,0,0,2,1,2
2366.0,2531.0,136.0,360.0,1.0,4897.0,0.027772105370635083,408.0833333333333,11.333333333333334,0.027772105370635087,1,1,0,0,0,0,1,2,0
3333.0,2000.0,99.0,360.0,1.0,5333.0,0.0185636602287643,444.4166666666667,8.25,0.0185636602287643,1,1,1,2,1,0,1,2,2
2500.0,2118.0,104.0,360.0,1.0,4618.0,0.02252057167605024,384.8333333333333,8.666666666666666,0.022520571676050236,1,1,1,0,0,0,1,2,1
8566.0,0.0,210.0,360.0,1.0,8566.0,0.02451552650011674,713.8333333333334,17.5,0.02451552650011674,0,1,0,0,0,0,2,3,3
5695.0,4167.0,175.0,360.0,1.0,9862.0,0.017744879334820524,821.8333333333334,14.583333333333334,0.017744879334820524,1,1,1,0,0,0,1,3,3
2958.0,2900.0,131.0,360.0,1.0,5858.0,0.022362581085694777,488.1666666666667,10.916666666666666,0.022362581085694774,1,1,1,0,0,0,1,0,0
6250.0,5654.0,188.0,180.0,1.0,11904.0,0.015793010752688172,992.0,31.333333333333332,0.031586021505376344,1,1,1,2,0,0,1,3,3
3273.0,1820.0,81.0,360.0,1.0,5093.0,0.015904182210877676,424.4166666666667,6.75,0.015904182210877676,1,1,1,2,1,0,2,2,2
4133.0,0.0,122.0,360.0,1.0,4133.0,0.029518509557222357,344.4166666666667,10.166666666666666,0.029518509557222353,0,1,0,0,0,0,1,1,1
3620.0,0.0,25.0,120.0,1.0,3620.0,0.006906077348066298,301.6666666666667,6.25,0.020718232044198894,0,1,0,0,1,0,1,1,2
6782.0,0.0,128.0,360.0,1.0,6782.0,0.018873488646416987,565.1666666666666,10.666666666666666,0.018873488646416987,0,1,0,0,0,0,2,0,1
2484.0,2302.0,137.0,360.0,1.0,4786.0,0.028625156707062265,398.8333333333333,11.416666666666666,0.028625156707062265,1,0,1,0,0,0,1,2,0
1977.0,997.0,50.0,360.0,1.0,2974.0,0.016812373907195696,247.83333333333334,4.166666666666667,0.016812373907195696,1,1,1,0,0,0,1,1,2
4188.0,0.0,115.0,180.0,1.0,4188.0,0.027459407831900668,349.0,19.166666666666668,0.05491881566380134,0,1,1,0,1,0,1,2,1
1759.0,3541.0,131.0,360.0,1.0,5300.0,0.02471698113207547,441.6666666666667,10.916666666666666,0.024716981132075468,1,1,1,0,0,0,1,2,0
4288.0,3263.0,133.0,180.0,1.0,7551.0,0.01761356111773275,629.25,22.166666666666668,0.0352271222354655,1,1,1,2,1,0,2,3,0
4843.0,3806.0,151.0,360.0,1.0,8649.0,0.017458665741704245,720.75,12.583333333333334,0.017458665741704245,1,1,0,0,0,0,1,3,0
13650.0,0.0,128.0,360.0,1.0,13650.0,0.009377289377289377,1137.5,10.666666666666666,0.009377289377289377,0,1,1,0,0,0,2,3,1
4652.0,3583.0,128.0,360.0,1.0,8235.0,0.01554341226472374,686.25,10.666666666666666,0.015543412264723739,1,1,1,0,0,0,1,3,1
3816.0,754.0,160.0,360.0,1.0,4570.0,0.0350109409190372,380.8333333333333,13.333333333333334,0.035010940919037205,1,1,1,0,0,0,2,2,0
3052.0,1030.0,100.0,360.0,1.0,4082.0,0.02449779519843214,340.1666666666667,8.333333333333334,0.02449779519843214,1,1,1,1,0,0,2,1,2
11417.0,1126.0,225.0,360.0,1.0,12543.0,0.01793829227457546,1045.25,18.75,0.01793829227457546,1,1,1,2,0,0,2,3,3
7333.0,0.0,120.0,360.0,1.0,7333.0,0.01636438019909996,611.0833333333334,10.0,0.016364380199099957,0,1,0,0,1,0,0,0,1
3800.0,3600.0,216.0,360.0,0.0,7400.0,0.02918918918918919,616.6666666666666,18.0,0.02918918918918919,1,1,1,2,0,0,2,0,3
2071.0,754.0,94.0,480.0,1.0,2825.0,0.03327433628318584,235.41666666666666,5.875,0.02495575221238938,1,1,1,3,1,0,1,1,2
5316.0,0.0,136.0,360.0,1.0,5316.0,0.025583145221971408,443.0,11.333333333333334,0.025583145221971408,0,1,0,0,0,0,2,2,0
2929.0,2333.0,139.0,360.0,1.0,5262.0,0.026415811478525276,438.5,11.583333333333334,0.026415811478525276,1,0,1,0,0,0,1,2,0
3572.0,4114.0,152.0,360.0,0.0,7686.0,0.019776216497527973,640.5,12.666666666666666,0.019776216497527973,1,1,1,0,1,0,0,3,0
7451.0,0.0,128.0,360.0,1.0,7451.0,0.01717890216078379,620.9166666666666,10.666666666666666,0.01717890216078379,0,0,0,1,0,1,1,0,1
5050.0,0.0,118.0,360.0,1.0,5050.0,0.023366336633663366,420.8333333333333,9.833333333333334,0.02336633663366337,0,1,0,0,0,0,1,2,1
14583.0,0.0,185.0,180.0,1.0,14583.0,0.012686004251525749,1215.25,30.833333333333332,0.025372008503051498,0,1,1,1,0,0,0,3,3
3167.0,2283.0,154.0,360.0,1.0,5450.0,0.028256880733944955,454.1666666666667,12.833333333333334,0.028256880733944955,1,0,1,0,0,0,1,0,0
2214.0,1398.0,85.0,360.0,1.0,3612.0,0.02353266888150609,301.0,7.083333333333333,0.02353266888150609,1,1,1,1,0,0,2,1,2
5568.0,2142.0,175.0,360.0,1.0,7710.0,0.022697795071335927,642.5,14.583333333333334,0.02269779507133593,1,1,1,0,0,0,0,3,3
10408.0,0.0,259.0,360.0,1.0,10408.0,0.024884704073789392,867.3333333333334,21.583333333333332,0.024884704073789392,0,0,0,0,0,0,2,3,3
5667.0,2667.0,180.0,360.0,1.0,8334.0,0.02159827213822894,694.5,15.0,0.02159827213822894,1,1,1,0,0,0,0,3,3
4166.0,0.0,44.0,360.0,1.0,4166.0,0.01056168987037926,347.1666666666667,3.6666666666666665,0.010561689870379259,0,0,0,0,0,0,1,1,2
2137.0,8980.0,137.0,360.0,0.0,11117.0,0.01232346856166232,926.4166666666666,11.416666666666666,0.01232346856166232,1,0,0,0,0,0,1,3,0
2957.0,0.0,81.0,360.0,1.0,2957.0,0.027392627663172135,246.41666666666666,6.75,0.027392627663172135,0,1,1,2,0,0,1,1,2
4300.0,2014.0,194.0,360.0,1.0,6314.0,0.030725372188786824,526.1666666666666,16.166666666666668,0.030725372188786827,1,1,1,0,1,0,0,0,3
3692.0,0.0,93.0,360.0,1.0,3692.0,0.025189599133261104,307.6666666666667,7.75,0.025189599133261104,0,0,0,0,0,0,0,1,2
23803.0,0.0,370.0,360.0,1.0,23803.0,0.015544259127000798,1983.5833333333333,30.833333333333332,0.015544259127000798,0,1,1,3,0,0,0,3,3
3865.0,1640.0,128.0,360.0,1.0,5505.0,0.023251589464123524,458.75,10.666666666666666,0.023251589464123524,1,1,0,0,0,0,0,0,1
10513.0,3850.0,160.0,180.0,0.0,14363.0,0.011139734038849823,1196.9166666666667,26.666666666666668,0.022279468077699646,1,1,1,1,0,1,2,3,0
6080.0,2569.0,182.0,360.0,1.0,8649.0,0.021042895132385248,720.75,15.166666666666666,0.021042895132385248,1,1,1,0,0,0,0,3,3
20166.0,0.0,650.0,480.0,1.0,20166.0,0.03223247049489239,1680.5,40.625,0.024174352871169296,0,1,0,0,0,1,2,3,3
2014.0,1929.0,74.0,360.0,1.0,3943.0,0.018767435962465127,328.5833333333333,6.166666666666667,0.01876743596246513,1,1,0,0,0,0,2,1,2
2718.0,0.0,70.0,360.0,1.0,2718.0,0.025754231052244298,226.5,5.833333333333333,0.025754231052244295,0,1,0,0,0,0,1,1,2
3459.0,0.0,25.0,120.0,1.0,3459.0,0.007227522405319456,288.25,6.25,0.02168256721595837,0,1,1,0,0,1,1,1,2
4895.0,0.0,102.0,360.0,1.0,4895.0,0.020837589376915218,407.9166666666667,8.5,0.020837589376915218,0,1,0,0,0,0,1,2,1
4000.0,7750.0,290.0,360.0,1.0,11750.0,0.02468085106382979,979.1666666666666,24.166666666666668,0.02468085106382979,1,1,1,3,0,0,1,3,3
4583.0,0.0,84.0,360.0,1.0,4583.0,0.0183286057167794,381.9166666666667,7.0,0.0183286057167794,0,0,1,0,0,0,0,2,2
3316.0,3500.0,88.0,360.0,1.0,6816.0,0.012910798122065728,568.0,7.333333333333333,0.012910798122065727,1,1,1,2,0,1,2,0,2
14999.0,0.0,242.0,360.0,0.0,14999.0,0.016134408960597372,1249.9166666666667,20.166666666666668,0.016134408960597372,0,1,0,0,0,0,1,3,3
4200.0,1430.0,129.0,360.0,1.0,5630.0,0.022912966252220248,469.1666666666667,10.75,0.022912966252220248,1,1,1,2,1,0,0,0,0
5042.0,2083.0,185.0,360.0,1.0,7125.0,0.025964912280701753,593.75,15.416666666666666,0.025964912280701753,1,1,1,2,0,0,0,0,3
5417.0,0.0,168.0,360.0,1.0,5417.0,0.031013476093778844,451.4166666666667,14.0,0.031013476093778844,0,1,0,0,0,0,2,0,3
6950.0,0.0,175.0,180.0,1.0,6950.0,0.025179856115107913,579.1666666666666,29.166666666666668,0.05035971223021583,0,1,0,0,0,1,1,0,3
2698.0,2034.0,122.0,360.0,1.0,4732.0,0.02578191039729501,394.3333333333333,10.166666666666666,0.02578191039729501,1,1,1,0,0,0,1,2,1
11757.0,0.0,187.0,180.0,1.0,11757.0,0.01590541804882198,979.75,31.166666666666668,0.03181083609764396,0,1,1,2,0,0,2,3,3
2330.0,4486.0,100.0,360.0,1.0,6816.0,0.014671361502347418,568.0,8.333333333333334,0.01467136150234742,1,0,1,0,0,0,1,0,2
14866.0,0.0,70.0,360.0,1.0,14866.0,0.0047087313332436435,1238.8333333333333,5.833333333333333,0.0047087313332436435,0,0,1,2,0,0,2,3,2
1538.0,1425.0,30.0,360.0,1.0,2963.0,0.010124873439082012,246.91666666666666,2.5,0.010124873439082012,1,1,1,1,0,0,2,1,2
10000.0,1666.0,225.0,360.0,1.0,11666.0,0.019286816389507973,972.1666666666666,18.75,0.019286816389507973,1,0,0,0,0,0,0,3,3
4860.0,830.0,125.0,360.0,1.0,5690.0,0.021968365553602813,474.1666666666667,10.416666666666666,0.02196836555360281,1,1,1,0,0,0,1,0,1
6277.0,0.0,118.0,360.0,0.0,6277.0,0.018798789230524134,523.0833333333334,9.833333333333334,0.018798789230524134,0,1,0,0,0,0,0,0,1
2577.0,3750.0,152.0,360.0,1.0,6327.0,0.024024024024024024,527.25,12.666666666666666,0.024024024024024024,1,1,1,0,0,1,0,0,0
9166.0,0.0,244.0,360.0,1.0,9166.0,0.026620117826751038,763.8333333333334,20.333333333333332,0.026620117826751034,0,1,0,0,0,0,2,3,3
2281.0,0.0,113.0,360.0,1.0,2281.0,0.049539675580885574,190.08333333333334,9.416666666666666,0.049539675580885574,0,1,1,2,1,0,0,1,1
3254.0,0.0,50.0,360.0,1.0,3254.0,0.015365703749231715,271.1666666666667,4.166666666666667,0.015365703749231715,0,1,0,0,0,0,2,1,2
39999.0,0.0,600.0,180.0,0.0,39999.0,0.015000375009375235,3333.25,100.0,0.03000075001875047,0,1,1,3,0,0,1,3,3
6000.0,0.0,160.0,360.0,1.0,6000.0,0.02666666666666667,500.0,13.333333333333334,0.02666666666666667,0,1,1,1,0,0,0,0,0
9538.0,0.0,187.0,360.0,1.0,9538.0,0.019605787376808556,794.8333333333334,15.583333333333334,0.019605787376808556,0,1,1,1,0,0,2,3,3
2980.0,2083.0,120.0,360.0,1.0,5063.0,0.023701362828362632,421.9166666666667,10.0,0.02370136282836263,1,1,0,0,0,0,0,2,1
4583.0,5625.0,255.0,360.0,1.0,10208.0,0.02498040752351097,850.6666666666666,21.25,0.024980407523510974,1,1,1,0,0,0,1,3,3
1863.0,1041.0,98.0,360.0,1.0,2904.0,0.0337465564738292,242.0,8.166666666666666,0.0337465564738292,1,1,1,0,1,0,1,1,2
7933.0,0.0,275.0,360.0,1.0,7933.0,0.03466532207235598,661.0833333333334,22.916666666666668,0.03466532207235598,0,1,1,0,0,0,2,3,3
3089.0,1280.0,121.0,360.0,0.0,4369.0,0.027695124742504004,364.0833333333333,10.083333333333334,0.027695124742504008,1,1,1,1,0,0,1,2,1
4167.0,1447.0,158.0,360.0,1.0,5614.0,0.028143925899536872,467.8333333333333,13.166666666666666,0.028143925899536872,1,1,1,2,0,0,0,0,0
9323.0,0.0,75.0,180.0,1.0,9323.0,0.008044620830204869,776.9166666666666,12.5,0.01608924166040974,0,1,1,0,0,0,2,3,2
3707.0,3166.0,182.0,360.0,1.0,6873.0,0.02648043067074058,572.75,15.166666666666666,0.026480430670740577,1,1,1,0,0,0,0,0,3
4583.0,0.0,112.0,360.0,1.0,4583.0,0.02443814095570587,381.9166666666667,9.333333333333334,0.02443814095570587,0,0,1,0,0,0,0,2,1
2439.0,3333.0,129.0,360.0,1.0,5772.0,0.02234927234927235,481.0,10.75,0.02234927234927235,1,1,1,0,0,0,0,0,0
2237.0,0.0,63.0,480.0,0.0,2237.0,0.028162717925793473,186.41666666666666,3.9375,0.021122038444345105,0,1,0,0,0,0,1,1,2
8000.0,0.0,200.0,360.0,1.0,8000.0,0.025,666.6666666666666,16.666666666666668,0.025000000000000005,0,1,1,2,0,0,1,3,3
1820.0,1769.0,95.0,360.0,1.0,3589.0,0.026469768737809974,299.0833333333333,7.916666666666667,0.026469768737809977,1,1,1,0,1,0,0,1,2
51763.0,0.0,700.0,300.0,1.0,51763.0,0.013523172922744044,4313.583333333333,70.0,0.016227807507292854,0,1,1,3,0,0,2,3,3
3522.0,0.0,81.0,180.0,1.0,3522.0,0.022998296422487224,293.5,13.5,0.04599659284497445,0,1,1,3,1,0,0,1,2
5708.0,5625.0,187.0,360.0,1.0,11333.0,0.016500485308391422,944.4166666666666,15.583333333333334,0.016500485308391426,1,1,1,0,0,0,1,3,3
4344.0,736.0,87.0,360.0,1.0,5080.0,0.017125984251968505,423.3333333333333,7.25,0.017125984251968505,1,1,1,0,1,1,1,2,2
3497.0,1964.0,116.0,360.0,1.0,5461.0,0.021241530855154733,455.0833333333333,9.666666666666666,0.021241530855154733,1,1,1,0,0,0,0,0,1
2045.0,1619.0,101.0,360.0,1.0,3664.0,0.027565502183406112,305.3333333333333,8.416666666666666,0.027565502183406112,1,1,1,2,0,0,0,1,1
5516.0,11300.0,495.0,360.0,0.0,16816.0,0.029436251189343482,1401.3333333333333,41.25,0.029436251189343485,1,1,1,3,0,0,1,3,3
3750.0,0.0,116.0,360.0,1.0,3750.0,0.030933333333333334,312.5,9.666666666666666,0.03093333333333333,0,1,1,1,0,0,1,1,1
2333.0,1451.0,102.0,480.0,0.0,3784.0,0.026955602536997886,315.3333333333333,6.375,0.020216701902748414,1,1,0,0,1,0,2,1,1
6400.0,7250.0,180.0,360.0,0.0,13650.0,0.013186813186813187,1137.5,15.0,0.013186813186813187,1,1,1,1,0,0,2,3,3
1916.0,5063.0,67.0,360.0,1.0,6979.0,0.00960022925920619,581.5833333333334,5.583333333333333,0.00960022925920619,1,1,0,0,0,0,0,0,2
4600.0,0.0,73.0,180.0,1.0,4600.0,0.015869565217391305,383.3333333333333,12.166666666666666,0.03173913043478261,0,1,1,0,0,0,1,2,2
33846.0,0.0,260.0,360.0,1.0,33846.0,0.00768185309933227,2820.5,21.666666666666668,0.0076818530993322705,0,1,1,1,0,0,1,3,3
3625.0,0.0,108.0,360.0,1.0,3625.0,0.029793103448275862,302.0833333333333,9.0,0.029793103448275862,0,0,1,0,0,0,1,1,1
39147.0,4750.0,120.0,360.0,1.0,43897.0,0.0027336720049206094,3658.0833333333335,10.0,0.0027336720049206094,1,1,1,0,0,1,1,3,1
2178.0,0.0,66.0,300.0,0.0,2178.0,0.030303030303030304,181.5,6.6,0.03636363636363636,0,1,1,1,0,1,0,1,2
2383.0,2138.0,58.0,360.0,1.0,4521.0,0.012829020128290201,376.75,4.833333333333333,0.0128290201282902,1,1,1,0,0,0,0,2,2
674.0,5296.0,168.0,360.0,1.0,5970.0,0.02814070351758794,497.5,14.0,0.02814070351758794,1,1,1,0,0,1,0,0,3
9328.0,0.0,188.0,180.0,1.0,9328.0,0.020154373927958835,777.3333333333334,31.333333333333332,0.04030874785591766,0,1,1,0,0,0,0,3,3
4885.0,0.0,48.0,360.0,1.0,4885.0,0.009825997952917094,407.0833333333333,4.0,0.009825997952917094,0,1,0,0,1,0,0,2,2
12000.0,0.0,164.0,360.0,1.0,12000.0,0.013666666666666667,1000.0,13.666666666666666,0.013666666666666666,0,1,0,0,0,0,1,3,0
6033.0,0.0,160.0,360.0,1.0,6033.0,0.026520802254268193,502.75,13.333333333333334,0.026520802254268193,0,1,1,0,1,0,2,0,0
3858.0,0.0,76.0,360.0,1.0,3858.0,0.019699326075686883,321.5,6.333333333333333,0.019699326075686883,0,1,0,0,0,0,1,1,2
4191.0,0.0,120.0,360.0,1.0,4191.0,0.02863278453829635,349.25,10.0,0.02863278453829635,0,1,0,0,0,0,0,2,1
3125.0,2583.0,170.0,360.0,1.0,5708.0,0.029782761037140854,475.6666666666667,14.166666666666666,0.029782761037140854,1,1,1,1,0,0,1,0,3
8333.0,3750.0,187.0,360.0,1.0,12083.0,0.015476289001075892,1006.9166666666666,15.583333333333334,0.015476289001075894,1,1,0,0,0,0,0,3,3
1907.0,2365.0,120.0,360.0,1.0,4272.0,0.028089887640449437,356.0,10.0,0.028089887640449437,1,0,0,0,1,0,2,2,1
3416.0,2816.0,113.0,360.0,1.0,6232.0,0.01813222079589217,519.3333333333334,9.416666666666666,0.018132220795892166,1,0,1,0,0,0,1,0,1
11000.0,0.0,83.0,360.0,1.0,11000.0,0.007545454545454545,916.6666666666666,6.916666666666667,0.007545454545454546,0,1,0,0,0,1,2,3,2
2600.0,2500.0,90.0,360.0,1.0,5100.0,0.01764705882352941,425.0,7.5,0.01764705882352941,1,1,1,1,1,0,1,2,2
4923.0,0.0,166.0,360.0,0.0,4923.0,0.03371927686370099,410.25,13.833333333333334,0.033719276863701,0,1,0,2,0,0,1,2,3
3992.0,0.0,128.0,180.0,1.0,3992.0,0.03206412825651302,332.6666666666667,21.333333333333332,0.06412825651302605,0,1,1,3,1,0,2,1,1
3500.0,1083.0,135.0,360.0,1.0,4583.0,0.029456687759109753,381.9166666666667,11.25,0.029456687759109753,1,1,1,1,1,0,2,2,0
3917.0,0.0,124.0,360.0,1.0,3917.0,0.03165688026550932,326.4166666666667,10.333333333333334,0.03165688026550932,0,1,1,2,1,0,1,1,1
4408.0,0.0,120.0,360.0,1.0,4408.0,0.02722323049001815,367.3333333333333,10.0,0.02722323049001815,0,0,0,0,1,0,1,2,1
3244.0,0.0,80.0,360.0,1.0,3244.0,0.02466091245376079,270.3333333333333,6.666666666666667,0.024660912453760793,0,0,0,0,0,0,2,1,2
3975.0,2531.0,55.0,360.0,1.0,6506.0,0.008453735013833385,542.1666666666666,4.583333333333333,0.008453735013833385,1,1,0,0,1,0,0,0,2
2479.0,0.0,59.0,360.0,1.0,2479.0,0.02379991932230738,206.58333333333334,4.916666666666667,0.02379991932230738,0,1,0,0,0,0,2,1,2
3418.0,0.0,127.0,360.0,1.0,3418.0,0.0371562317144529,284.8333333333333,10.583333333333334,0.0371562317144529,0,1,0,0,0,0,1,1,1
10000.0,0.0,214.0,360.0,1.0,10000.0,0.0214,833.3333333333334,17.833333333333332,0.0214,0,0,0,0,0,0,1,3,3
3430.0,1250.0,128.0,360.0,0.0,4680.0,0.02735042735042735,390.0,10.666666666666666,0.02735042735042735,1,1,1,3,0,0,1,2,1
7787.0,0.0,240.0,360.0,1.0,7787.0,0.030820598433286245,648.9166666666666,20.0,0.03082059843328625,0,1,1,1,0,1,2,3,3
5703.0,0.0,130.0,360.0,1.0,5703.0,0.02279502016482553,475.25,10.833333333333334,0.02279502016482553,0,1,1,3,1,1,0,0,0
3173.0,3021.0,137.0,360.0,1.0,6194.0,0.022118178882789795,516.1666666666666,11.416666666666666,0.0221181788827898,1,1,1,0,0,0,2,0,0
3850.0,983.0,100.0,360.0,1.0,4833.0,0.02069108214359611,402.75,8.333333333333334,0.02069108214359611,1,1,1,3,1,0,1,2,2
150.0,1800.0,135.0,360.0,1.0,1950.0,0.06923076923076923,162.5,11.25,0.06923076923076923,1,1,1,0,0,0,0,1,0
3727.0,1775.0,131.0,360.0,1.0,5502.0,0.023809523809523808,458.5,10.916666666666666,0.023809523809523808,1,1,1,0,0,0,1,0,0
5000.0,0.0,72.0,360.0,0.0,5000.0,0.0144,416.6666666666667,6.0,0.0144,0,1,1,2,0,0,1,2,2
4283.0,2383.0,127.0,360.0,1.0,6666.0,0.019051905190519053,555.5,10.583333333333334,0.019051905190519053,1,0,1,2,0,0,1,0,1
2221.0,0.0,60.0,360.0,0.0,2221.0,0.0270148581719946,185.08333333333334,5.0,0.027014858171994595,0,1,1,0,0,0,2,1,2
4009.0,1717.0,116.0,360.0,1.0,5726.0,0.020258470136220747,477.1666666666667,9.666666666666666,0.020258470136220747,1,1,1,2,0,0,1,0,1
2971.0,2791.0,144.0,360.0,1.0,5762.0,0.024991322457480043,480.1666666666667,12.0,0.02499132245748004,1,1,0,0,0,0,1,0,0
7578.0,1010.0,175.0,360.0,1.0,8588.0,0.0203772706101537,715.6666666666666,14.583333333333334,0.020377270610153705,1,1,1,0,0,0,1,3,3
6250.0,0.0,128.0,360.0,1.0,6250.0,0.02048,520.8333333333334,10.666666666666666,0.020479999999999998,0,1,1,0,0,0,1,0,1
3250.0,0.0,170.0,360.0,1.0,3250.0,0.052307692307692305,270.8333333333333,14.166666666666666,0.05230769230769231,0,1,1,0,0,0,0,1,3
4735.0,0.0,138.0,360.0,1.0,4735.0,0.02914466737064414,394.5833333333333,11.5,0.02914466737064414,0,1,1,0,1,1,2,2,0
6250.0,1695.0,210.0,360.0,1.0,7945.0,0.02643171806167401,662.0833333333334,17.5,0.026431718061674006,1,1,1,2,0,0,1,3,3
4758.0,0.0,158.0,480.0,1.0,4758.0,0.0332072299285414,396.5,9.875,0.024905422446406054,0,1,1,0,0,0,1,2,0
6400.0,0.0,200.0,360.0,1.0,6400.0,0.03125,533.3333333333334,16.666666666666668,0.03125,0,1,0,0,0,1,0,0,3
2491.0,2054.0,104.0,360.0,1.0,4545.0,0.02288228822882288,378.75,8.666666666666666,0.02288228822882288,1,1,1,1,0,0,1,2,1
3716.0,0.0,42.0,180.0,1.0,3716.0,0.011302475780409042,309.6666666666667,7.0,0.02260495156081808,0,1,1,0,0,0,0,1,2
3189.0,2598.0,120.0,360.0,1.0,5787.0,0.020736132711249352,482.25,10.0,0.020736132711249352,1,1,0,0,1,0,0,0,1
8333.0,0.0,280.0,360.0,1.0,8333.0,0.03360134405376215,694.4166666666666,23.333333333333332,0.03360134405376215,0,0,0,0,0,0,1,3,3
3155.0,1779.0,140.0,360.0,1.0,4934.0,0.02837454398054317,411.1666666666667,11.666666666666666,0.028374543980543166,1,1,1,1,0,0,1,2,0
5500.0,1260.0,170.0,360.0,1.0,6760.0,0.02514792899408284,563.3333333333334,14.166666666666666,0.025147928994082837,1,1,1,1,0,0,0,0,3
5746.0,0.0,255.0,360.0,1.0,5746.0,0.04437869822485207,478.8333333333333,21.25,0.044378698224852076,0,1,1,0,0,0,2,0,3
3463.0,0.0,122.0,360.0,1.0,3463.0,0.03522956973722206,288.5833333333333,10.166666666666666,0.03522956973722206,0,0,0,0,0,1,2,1,1
3812.0,0.0,112.0,360.0,1.0,3812.0,0.02938090241343127,317.6666666666667,9.333333333333334,0.02938090241343127,0,0,0,1,0,0,0,1,1
3315.0,0.0,96.0,360.0,1.0,3315.0,0.02895927601809955,276.25,8.0,0.02895927601809955,0,1,1,1,0,0,1,1,2
5819.0,5000.0,120.0,360.0,1.0,10819.0,0.01109159811442832,901.5833333333334,10.0,0.01109159811442832,1,1,1,2,0,0,0,3,1
2510.0,1983.0,140.0,180.0,1.0,4493.0,0.031159581571333184,374.4166666666667,23.333333333333332,0.06231916314266636,1,1,1,1,1,0,2,2,0
2965.0,5701.0,155.0,60.0,1.0,8666.0,0.017885991230094624,722.1666666666666,77.5,0.10731594738056774,1,1,0,0,0,0,2,3,0
6250.0,1300.0,108.0,360.0,1.0,7550.0,0.014304635761589404,629.1666666666666,9.0,0.014304635761589406,1,1,1,2,0,1,0,3,1
3406.0,4417.0,123.0,360.0,1.0,7823.0,0.01572286846478333,651.9166666666666,10.25,0.01572286846478333,1,1,1,0,1,0,1,3,1
6050.0,4333.0,120.0,180.0,1.0,10383.0,0.011557353366079168,865.25,20.0,0.023114706732158336,1,1,0,0,0,1,2,3,1
9703.0,0.0,112.0,360.0,1.0,9703.0,0.011542821807688343,808.5833333333334,9.333333333333334,0.011542821807688343,0,1,1,2,0,0,2,3,1
6608.0,0.0,137.0,180.0,1.0,6608.0,0.020732445520581115,550.6666666666666,22.833333333333332,0.04146489104116223,0,1,1,1,1,0,2,0,0
2882.0,1843.0,123.0,480.0,1.0,4725.0,0.02603174603174603,393.75,7.6875,0.019523809523809523,1,1,1,1,0,0,1,2,1
1809.0,1868.0,90.0,360.0,1.0,3677.0,0.024476475387544192,306.4166666666667,7.5,0.024476475387544192,1,1,1,0,0,0,2,1,2
1668.0,3890.0,201.0,360.0,0.0,5558.0,0.0361640878013674,463.1666666666667,16.75,0.036164087801367394,1,1,1,0,1,0,1,0,3
3427.0,0.0,138.0,360.0,1.0,3427.0,0.040268456375838924,285.5833333333333,11.5,0.04026845637583893,0,0,0,2,0,0,2,1,0
2583.0,2167.0,104.0,360.0,1.0,4750.0,0.021894736842105262,395.8333333333333,8.666666666666666,0.021894736842105262,1,1,0,0,1,1,0,2,1
2661.0,7101.0,279.0,180.0,1.0,9762.0,0.02858020897357099,813.5,46.5,0.05716041794714198,1,1,1,1,1,0,1,3,3
16250.0,0.0,192.0,360.0,0.0,16250.0,0.011815384615384615,1354.1666666666667,16.0,0.011815384615384615,0,1,0,0,0,1,2,3,3
3083.0,0.0,255.0,360.0,1.0,3083.0,0.08271164450210834,256.9166666666667,21.25,0.08271164450210833,0,0,0,3,0,0,0,1,3
6045.0,0.0,115.0,360.0,0.0,6045.0,0.01902398676592225,503.75,9.583333333333334,0.019023986765922252,0,1,0,0,1,0,0,0,1
5250.0,0.0,94.0,360.0,1.0,5250.0,0.017904761904761906,437.5,7.833333333333333,0.017904761904761902,0,1,1,3,0,0,2,2,2
14683.0,2100.0,304.0,360.0,1.0,16783.0,0.018113567300244295,1398.5833333333333,25.333333333333332,0.018113567300244295,1,1,1,0,0,0,0,3,3
4931.0,0.0,128.0,360.0,1.0,4931.0,0.02595822348408031,410.9166666666667,10.666666666666666,0.025958223484080306,0,1,1,3,1,0,1,2,1
6083.0,4250.0,330.0,360.0,1.0,10333.0,0.03193651408109939,861.0833333333334,27.5,0.03193651408109939,1,1,1,1,0,0,2,3,3
2060.0,2209.0,134.0,360.0,1.0,4269.0,0.03138908409463575,355.75,11.166666666666666,0.03138908409463574,1,1,0,0,0,0,1,2,0
3481.0,0.0,155.0,36.0,1.0,3481.0,0.04452743464521689,290.0833333333333,129.16666666666669,0.445274346452169,0,0,0,1,0,0,1,1,0
7200.0,0.0,120.0,360.0,1.0,7200.0,0.016666666666666666,600.0,10.0,0.016666666666666666,0,0,0,0,0,0,0,0,1
5166.0,0.0,128.0,360.0,1.0,5166.0,0.024777390631049168,430.5,10.666666666666666,0.024777390631049168,0,1,0,0,0,1,1,2,1
4095.0,3447.0,151.0,360.0,1.0,7542.0,0.02002121453195439,628.5,12.583333333333334,0.02002121453195439,1,1,0,0,0,0,0,3,0
4708.0,1387.0,150.0,360.0,1.0,6095.0,0.02461033634126333,507.9166666666667,12.5,0.02461033634126333,1,1,1,2,0,0,1,0,0
4333.0,1811.0,160.0,360.0,0.0,6144.0,0.026041666666666668,512.0,13.333333333333334,0.026041666666666668,1,1,1,3,0,0,2,0,0
3418.0,0.0,135.0,360.0,1.0,3418.0,0.03949678174370977,284.8333333333333,11.25,0.039496781743709776,0,0,0,0,0,0,0,1,0
2876.0,1560.0,90.0,360.0,1.0,4436.0,0.02028854824165915,369.6666666666667,7.5,0.02028854824165915,1,0,0,1,0,0,2,2,2
3237.0,0.0,30.0,360.0,1.0,3237.0,0.009267840593141797,269.75,2.5,0.009267840593141797,0,0,0,0,0,0,2,1,2
11146.0,0.0,136.0,360.0,1.0,11146.0,0.012201686703750225,928.8333333333334,11.333333333333334,0.012201686703750225,0,1,1,0,0,0,2,3,0
2833.0,1857.0,126.0,360.0,1.0,4690.0,0.026865671641791045,390.8333333333333,10.5,0.026865671641791045,1,1,0,0,0,0,0,2,1
2620.0,2223.0,150.0,360.0,1.0,4843.0,0.03097253768325418,403.5833333333333,12.5,0.030972537683254184,1,1,1,0,0,0,1,2,0
3900.0,0.0,90.0,360.0,1.0,3900.0,0.023076923076923078,325.0,7.5,0.023076923076923078,0,1,1,2,0,0,1,1,2
2750.0,1842.0,115.0,360.0,1.0,4592.0,0.02504355400696864,382.6666666666667,9.583333333333334,0.02504355400696864,1,1,1,1,0,0,1,2,1
3993.0,3274.0,207.0,360.0,1.0,7267.0,0.02848493188385854,605.5833333333334,17.25,0.028484931883858536,1,1,1,0,0,0,1,0,3
3103.0,1300.0,80.0,360.0,1.0,4403.0,0.018169429934135818,366.9166666666667,6.666666666666667,0.018169429934135815,1,1,1,0,0,0,2,2,2
14583.0,0.0,436.0,360.0,1.0,14583.0,0.02989782623602825,1215.25,36.333333333333336,0.029897826236028255,0,1,1,0,0,0,1,3,3
4100.0,0.0,124.0,360.0,1.0,4100.0,0.03024390243902439,341.6666666666667,10.333333333333334,0.03024390243902439,0,0,1,0,1,0,0,1,1
4053.0,2426.0,158.0,360.0,0.0,6479.0,0.02438647939496836,539.9166666666666,13.166666666666666,0.02438647939496836,1,1,0,1,1,1,2,0,0
3927.0,800.0,112.0,360.0,1.0,4727.0,0.0236936746350751,393.9166666666667,9.333333333333334,0.0236936746350751,1,1,1,0,0,0,1,2,1
2301.0,985.8,78.0,180.0,1.0,3286.8,0.023731288791529755,273.90000000000003,13.0,0.0474625775830595,1,1,1,2,0,0,2,1,2
1811.0,1666.0,54.0,360.0,1.0,3477.0,0.015530629853321829,289.75,4.5,0.015530629853321829,1,0,0,0,0,0,2,1,2
20667.0,0.0,128.0,360.0,1.0,20667.0,0.006193448492766246,1722.25,10.666666666666666,0.006193448492766245,0,1,1,0,0,0,0,3,1
3158.0,3053.0,89.0,360.0,1.0,6211.0,0.014329415553051039,517.5833333333334,7.416666666666667,0.014329415553051039,1,1,0,0,0,0,0,0,2
2600.0,1717.0,99.0,300.0,1.0,4317.0,0.022932592077831826,359.75,9.9,0.027519110493398193,1,0,0,0,0,1,1,2,2
3704.0,2000.0,120.0,360.0,1.0,5704.0,0.021037868162692847,475.3333333333333,10.0,0.021037868162692847,1,1,1,0,0,0,0,0,1
4124.0,0.0,115.0,360.0,1.0,4124.0,0.027885548011639186,343.6666666666667,9.583333333333334,0.027885548011639186,0,0,0,0,0,0,1,1,1
9508.0,0.0,187.0,360.0,1.0,9508.0,0.019667648296171646,792.3333333333334,15.583333333333334,0.019667648296171646,0,1,0,0,0,0,0,3,3
3075.0,2416.0,139.0,360.0,1.0,5491.0,0.025314150427973046,457.5833333333333,11.583333333333334,0.02531415042797305,1,1,1,0,0,0,0,0,0
4400.0,0.0,127.0,360.0,0.0,4400.0,0.028863636363636362,366.6666666666667,10.583333333333334,0.028863636363636362,0,1,1,2,0,0,1,2,1
3153.0,1560.0,134.0,360.0,1.0,4713.0,0.028431996605134735,392.75,11.166666666666666,0.02843199660513473,1,1,1,2,0,0,2,2,0
5417.0,0.0,143.0,480.0,0.0,5417.0,0.026398375484585564,451.4166666666667,8.9375,0.019798781613439172,0,0,0,0,0,0,2,0,0
2383.0,3334.0,172.0,360.0,1.0,5717.0,0.03008570928808816,476.4166666666667,14.333333333333334,0.03008570928808816,1,1,1,0,0,0,1,0,3
4416.0,1250.0,110.0,360.0,1.0,5666.0,0.01941404871161313,472.1666666666667,9.166666666666666,0.01941404871161313,1,1,1,3,0,0,2,0,1
6875.0,0.0,200.0,360.0,1.0,6875.0,0.02909090909090909,572.9166666666666,16.666666666666668,0.029090909090909094,0,1,1,1,0,0,1,0,3
4666.0,0.0,135.0,360.0,1.0,4666.0,0.028932704672096014,388.8333333333333,11.25,0.028932704672096014,0,0,1,1,0,0,2,2,0
5000.0,2541.0,151.0,480.0,1.0,7541.0,0.020023869513327144,628.4166666666666,9.4375,0.01501790213499536,1,0,0,0,0,0,0,3,0
2014.0,2925.0,113.0,360.0,1.0,4939.0,0.02287912532901397,411.5833333333333,9.416666666666666,0.02287912532901397,1,1,1,1,0,0,2,2,1
1800.0,2934.0,93.0,360.0,0.0,4734.0,0.01964512040557668,394.5,7.75,0.01964512040557668,1,1,1,0,1,0,2,2,2
2875.0,1750.0,105.0,360.0,1.0,4625.0,0.022702702702702703,385.4166666666667,8.75,0.022702702702702703,1,1,1,0,1,0,1,2,1
5000.0,0.0,132.0,360.0,1.0,5000.0,0.0264,416.6666666666667,11.0,0.0264,0,0,0,0,0,0,0,2,0
1625.0,1803.0,96.0,360.0,1.0,3428.0,0.028004667444574097,285.6666666666667,8.0,0.028004667444574093,1,1,1,1,0,0,2,1,2
4000.0,2500.0,140.0,360.0,1.0,6500.0,0.021538461538461538,541.6666666666666,11.666666666666666,0.021538461538461538,1,1,0,0,0,0,0,0,0
2000.0,0.0,128.0,360.0,1.0,2000.0,0.064,166.66666666666666,10.666666666666666,0.064,0,1,0,0,1,0,2,1,1
3762.0,1666.0,135.0,360.0,1.0,5428.0,0.024871039056742816,452.3333333333333,11.25,0.024871039056742816,1,0,0,0,0,0,0,0,0
2400.0,1863.0,104.0,360.0,0.0,4263.0,0.02439596528266479,355.25,8.666666666666666,0.02439596528266479,1,0,0,0,0,0,2,2,1
20233.0,0.0,480.0,360.0,1.0,20233.0,0.02372361982899224,1686.0833333333333,40.0,0.02372361982899224,0,1,0,0,0,0,0,3,3
7667.0,0.0,185.0,360.0,1.0,7667.0,0.024129385678883526,638.9166666666666,15.416666666666666,0.02412938567888353,0,1,1,2,1,0,0,3,3
2917.0,0.0,84.0,360.0,1.0,2917.0,0.028796708947548853,243.08333333333334,7.0,0.02879670894754885,0,0,0,0,0,0,1,1,2
2927.0,2405.0,111.0,360.0,1.0,5332.0,0.020817704426106528,444.3333333333333,9.25,0.020817704426106528,1,1,0,0,1,0,1,2,1
2507.0,0.0,56.0,360.0,1.0,2507.0,0.022337455125648185,208.91666666666666,4.666666666666667,0.02233745512564819,0,0,0,0,0,0,0,1,2
5746.0,0.0,144.0,84.0,1.0,5746.0,0.025060911938739994,478.8333333333333,51.42857142857143,0.10740390830888569,0,1,1,2,0,1,0,0,0
2473.0,1843.0,159.0,360.0,1.0,4316.0,0.036839666357738644,359.6666666666667,13.25,0.036839666357738644,1,1,1,0,0,0,0,2,0
3399.0,1640.0,111.0,180.0,1.0,5039.0,0.022028180194483032,419.9166666666667,18.5,0.044056360388966063,1,1,1,1,1,0,2,2,1
3717.0,0.0,120.0,360.0,1.0,3717.0,0.03228410008071025,309.75,10.0,0.03228410008071025,0,1,1,2,0,0,1,1,1
2058.0,2134.0,88.0,360.0,1.0,4192.0,0.02099236641221374,349.3333333333333,7.333333333333333,0.02099236641221374,1,1,1,0,0,0,2,2,2
3541.0,0.0,112.0,360.0,1.0,3541.0,0.031629483196837054,295.0833333333333,9.333333333333334,0.031629483196837054,0,0,0,1,0,0,1,1,1
10000.0,0.0,155.0,360.0,1.0,10000.0,0.0155,833.3333333333334,12.916666666666666,0.015499999999999998,0,1,1,1,0,1,0,3,0
2400.0,2167.0,115.0,360.0,1.0,4567.0,0.025180643748631486,380.5833333333333,9.583333333333334,0.02518064374863149,1,1,1,0,0,0,1,2,1
4342.0,189.0,124.0,360.0,1.0,4531.0,0.027367027146325315,377.5833333333333,10.333333333333334,0.02736702714632532,1,1,1,3,0,0,1,2,1
3601.0,1590.0,128.0,360.0,1.0,5191.0,0.024658062030437296,432.5833333333333,10.666666666666666,0.024658062030437296,1,1,1,2,1,0,0,2,1
3166.0,2985.0,132.0,360.0,1.0,6151.0,0.021459925215412127,512.5833333333334,11.0,0.021459925215412127,1,0,0,0,0,0,0,0,0
15000.0,0.0,300.0,360.0,1.0,15000.0,0.02,1250.0,25.0,0.02,0,1,1,3,0,0,0,3,3
8666.0,4983.0,376.0,360.0,0.0,13649.0,0.027547805700051286,1137.4166666666667,31.333333333333332,0.027547805700051282,1,1,1,1,0,1,0,3,3
4917.0,0.0,130.0,360.0,0.0,4917.0,0.026438885499288182,409.75,10.833333333333334,0.026438885499288186,0,1,0,0,0,0,0,2,0
5818.0,2160.0,184.0,360.0,1.0,7978.0,0.023063424417147156,664.8333333333334,15.333333333333334,0.023063424417147153,1,1,1,0,0,1,1,3,3
4333.0,2451.0,110.0,360.0,1.0,6784.0,0.016214622641509434,565.3333333333334,9.166666666666666,0.01621462264150943,1,0,1,0,0,0,2,0,1
2500.0,0.0,67.0,360.0,1.0,2500.0,0.0268,208.33333333333334,5.583333333333333,0.026799999999999997,0,0,0,0,0,0,2,1,2
4384.0,1793.0,117.0,360.0,1.0,6177.0,0.01894123360854784,514.75,9.75,0.01894123360854784,1,1,0,1,0,0,2,0,1
2935.0,0.0,98.0,360.0,1.0,2935.0,0.03339011925042589,244.58333333333334,8.166666666666666,0.03339011925042589,0,1,0,0,0,0,1,1,2
2833.0,0.0,71.0,360.0,1.0,2833.0,0.025061771973173313,236.08333333333334,5.916666666666667,0.025061771973173316,0,1,0,0,0,0,2,1,2
63337.0,0.0,490.0,180.0,1.0,63337.0,0.007736394208756335,5278.083333333333,81.66666666666667,0.015472788417512671,0,1,1,0,0,0,2,3,3
9833.0,1833.0,182.0,180.0,1.0,11666.0,0.015600891479513115,972.1666666666666,30.333333333333332,0.03120178295902623,1,1,1,1,0,1,2,3,3
5503.0,4490.0,70.0,360.0,1.0,9993.0,0.007004903432402682,832.75,5.833333333333333,0.007004903432402681,1,1,1,0,0,1,1,3,2
5250.0,688.0,160.0,360.0,1.0,5938.0,0.02694509936005389,494.8333333333333,13.333333333333334,0.026945099360053893,1,1,1,1,0,0,0,0,0
2500.0,4600.0,176.0,360.0,1.0,7100.0,0.024788732394366197,591.6666666666666,14.666666666666666,0.024788732394366197,1,1,1,2,0,1,0,0,3
1830.0,0.0,128.0,360.0,0.0,1830.0,0.06994535519125683,152.5,10.666666666666666,0.06994535519125683,0,0,0,3,1,0,2,1,1
4160.0,0.0,71.0,360.0,1.0,4160.0,0.01706730769230769,346.6666666666667,5.916666666666667,0.01706730769230769,0,0,0,0,0,0,1,1,2
2647.0,1587.0,173.0,360.0,1.0,4234.0,0.040859707132735006,352.8333333333333,14.416666666666666,0.040859707132735006,1,1,1,3,1,0,0,2,3
2378.0,0.0,46.0,360.0,1.0,2378.0,0.01934398654331371,198.16666666666666,3.8333333333333335,0.01934398654331371,0,0,0,0,0,0,0,1,2
4554.0,1229.0,158.0,360.0,1.0,5783.0,0.027321459450112398,481.9166666666667,13.166666666666666,0.027321459450112395,1,1,1,1,1,0,2,0,0
3173.0,0.0,74.0,360.0,1.0,3173.0,0.023321777497636306,264.4166666666667,6.166666666666667,0.023321777497636306,0,1,1,3,1,0,1,1,2
2583.0,2330.0,125.0,360.0,1.0,4913.0,0.0254427030327702,409.4166666666667,10.416666666666666,0.0254427030327702,1,1,1,2,0,0,0,2,1
2499.0,2458.0,160.0,360.0,1.0,4957.0,0.03227758725035303,413.0833333333333,13.333333333333334,0.03227758725035304,1,1,1,0,0,0,1,2,0
3523.0,3230.0,152.0,360.0,0.0,6753.0,0.02250851473419221,562.75,12.666666666666666,0.02250851473419221,1,1,1,0,1,0,0,0,0
3083.0,2168.0,126.0,360.0,1.0,5251.0,0.023995429442011044,437.5833333333333,10.5,0.023995429442011048,1,1,1,2,1,0,2,2,1
6333.0,4583.0,259.0,360.0,1.0,10916.0,0.02372663979479663,909.6666666666666,21.583333333333332,0.02372663979479663,1,1,1,0,0,0,1,3,3
2625.0,6250.0,187.0,360.0,1.0,8875.0,0.021070422535211266,739.5833333333334,15.583333333333334,0.021070422535211266,1,1,1,0,0,0,0,3,3
9083.0,0.0,228.0,360.0,1.0,9083.0,0.025101838599581636,756.9166666666666,19.0,0.025101838599581636,0,1,1,0,0,0,1,3,3
8750.0,4167.0,308.0,360.0,1.0,12917.0,0.023844545947201364,1076.4166666666667,25.666666666666668,0.02384454594720136,1,1,0,0,0,0,0,3,3
2666.0,2083.0,95.0,360.0,1.0,4749.0,0.02000421141292904,395.75,7.916666666666667,0.02000421141292904,1,1,1,3,0,0,0,2,2
5500.0,0.0,105.0,360.0,0.0,5500.0,0.019090909090909092,458.3333333333333,8.75,0.019090909090909092,0,0,1,0,0,1,0,0,1
2423.0,505.0,130.0,360.0,1.0,2928.0,0.04439890710382514,244.0,10.833333333333334,0.04439890710382514,1,0,1,0,0,0,1,1,0
3813.0,0.0,116.0,180.0,1.0,3813.0,0.03042223970626803,317.75,19.333333333333332,0.060844479412536054,0,0,0,0,0,0,2,1,1
8333.0,3167.0,165.0,360.0,1.0,11500.0,0.014347826086956521,958.3333333333334,13.75,0.014347826086956521,1,1,1,2,0,0,0,3,3
3875.0,0.0,67.0,360.0,1.0,3875.0,0.01729032258064516,322.9166666666667,5.583333333333333,0.01729032258064516,0,1,1,1,0,0,2,1,2
3000.0,1666.0,100.0,480.0,0.0,4666.0,0.021431633090441493,388.8333333333333,6.25,0.01607372481783112,1,1,1,0,1,0,2,2,2
5167.0,3167.0,200.0,360.0,1.0,8334.0,0.023998080153587713,694.5,16.666666666666668,0.023998080153587713,1,1,1,3,0,0,1,3,3
4723.0,0.0,81.0,360.0,1.0,4723.0,0.017150116451408005,393.5833333333333,6.75,0.017150116451408005,0,0,0,1,0,0,1,2,2
5000.0,3667.0,236.0,360.0,1.0,8667.0,0.027229721933771777,722.25,19.666666666666668,0.02722972193377178,1,1,1,2,0,0,1,3,3
4750.0,2333.0,130.0,360.0,1.0,7083.0,0.01835380488493576,590.25,10.833333333333334,0.01835380488493576,1,1,1,0,0,0,2,0,0
3013.0,3033.0,95.0,300.0,1.0,6046.0,0.0157128680119087,503.8333333333333,9.5,0.018855441614290442,1,1,1,0,0,0,2,0,2
6822.0,0.0,141.0,360.0,1.0,6822.0,0.020668425681618294,568.5,11.75,0.020668425681618294,0,1,0,0,0,1,0,0,0
6216.0,0.0,133.0,360.0,1.0,6216.0,0.021396396396396396,518.0,11.083333333333334,0.021396396396396396,0,1,0,0,1,0,0,0,0
2500.0,0.0,96.0,480.0,1.0,2500.0,0.0384,208.33333333333334,6.0,0.0288,0,1,0,0,0,0,1,1,2
5124.0,0.0,124.0,360.0,0.0,5124.0,0.02419984387197502,427.0,10.333333333333334,0.024199843871975022,0,1,0,0,0,0,0,2,1
6325.0,0.0,175.0,360.0,1.0,6325.0,0.02766798418972332,527.0833333333334,14.583333333333334,0.02766798418972332,0,1,1,1,0,0,1,0,3
19730.0,5266.0,570.0,360.0,1.0,24996.0,0.022803648583773404,2083.0,47.5,0.022803648583773404,1,1,1,0,0,0,0,3,3
15759.0,0.0,55.0,360.0,1.0,15759.0,0.0034900691668253063,1313.25,4.583333333333333,0.003490069166825306,0,0,0,0,0,1,1,3,2
5185.0,0.0,155.0,360.0,1.0,5185.0,0.029893924783027964,432.0833333333333,12.916666666666666,0.029893924783027964,0,1,1,2,0,0,1,2,0
9323.0,7873.0,380.0,300.0,1.0,17196.0,0.02209816236334031,1433.0,38.0,0.026517794836008374,1,1,1,2,0,1,0,3,3
3062.0,1987.0,111.0,180.0,0.0,5049.0,0.021984551396316103,420.75,18.5,0.043969102792632206,1,1,0,1,0,0,2,2,1
2764.0,1459.0,110.0,360.0,1.0,4223.0,0.02604783329386692,351.9166666666667,9.166666666666666,0.026047833293866916,1,0,0,0,0,0,2,2,1
4817.0,923.0,120.0,180.0,1.0,5740.0,0.020905923344947737,478.3333333333333,20.0,0.041811846689895474,1,1,1,0,0,0,2,0,1
8750.0,4996.0,130.0,360.0,1.0,13746.0,0.009457296668121635,1145.5,10.833333333333334,0.009457296668121637,1,1,1,3,0,0,0,3,0
4310.0,0.0,130.0,360.0,1.0,4310.0,0.030162412993039442,359.1666666666667,10.833333333333334,0.030162412993039442,0,1,1,0,0,0,1,2,0
3069.0,0.0,71.0,480.0,1.0,3069.0,0.023134571521668295,255.75,4.4375,0.01735092864125122,0,1,0,0,0,0,2,1,2
5391.0,0.0,130.0,360.0,1.0,5391.0,0.024114264514932295,449.25,10.833333333333334,0.024114264514932295,0,1,1,2,0,0,2,2,0
3333.0,2500.0,128.0,360.0,1.0,5833.0,0.021944111092062405,486.0833333333333,10.666666666666666,0.0219441110920624,1,1,1,0,0,0,1,0,1
5941.0,4232.0,296.0,360.0,1.0,10173.0,0.029096628329892852,847.75,24.666666666666668,0.029096628329892855,1,1,0,0,0,0,1,3,3
6000.0,0.0,156.0,360.0,1.0,6000.0,0.026,500.0,13.0,0.026,0,0,0,0,0,0,2,0,0
7167.0,0.0,128.0,360.0,1.0,7167.0,0.017859634435607646,597.25,10.666666666666666,0.017859634435607646,0,1,0,0,0,1,2,0,1
4566.0,0.0,100.0,360.0,1.0,4566.0,0.021901007446342532,380.5,8.333333333333334,0.021901007446342532,0,1,1,2,0,0,2,2,2
3667.0,0.0,113.0,180.0,1.0,3667.0,0.030815380419961822,305.5833333333333,18.833333333333332,0.061630760839923644,0,1,0,1,0,0,2,1,1
2346.0,1600.0,132.0,360.0,1.0,3946.0,0.03345159655347187,328.8333333333333,11.0,0.03345159655347187,1,1,0,0,1,0,1,1,0
3010.0,3136.0,128.0,360.0,0.0,6146.0,0.02082655385616661,512.1666666666666,10.666666666666666,0.020826553856166614,1,1,1,0,1,0,2,0,1
2333.0,2417.0,136.0,360.0,1.0,4750.0,0.02863157894736842,395.8333333333333,11.333333333333334,0.028631578947368425,1,1,1,0,0,0,2,2,0
5488.0,0.0,125.0,360.0,1.0,5488.0,0.022776967930029153,457.3333333333333,10.416666666666666,0.022776967930029153,0,1,1,0,0,0,0,0,1
9167.0,0.0,185.0,360.0,1.0,9167.0,0.020181084324206393,763.9166666666666,15.416666666666666,0.020181084324206393,0,1,0,3,0,0,0,3,3
9504.0,0.0,275.0,360.0,1.0,9504.0,0.028935185185185185,792.0,22.916666666666668,0.028935185185185185,0,1,1,3,0,0,0,3,3
2583.0,2115.0,120.0,360.0,1.0,4698.0,0.02554278416347382,391.5,10.0,0.02554278416347382,1,1,1,0,0,0,2,2,1
1993.0,1625.0,113.0,180.0,1.0,3618.0,0.03123272526257601,301.5,18.833333333333332,0.06246545052515201,1,1,1,2,1,0,1,1,1
3100.0,1400.0,113.0,360.0,1.0,4500.0,0.025111111111111112,375.0,9.416666666666666,0.02511111111111111,1,1,1,2,0,0,2,2,1
3276.0,484.0,135.0,360.0,1.0,3760.0,0.03590425531914894,313.3333333333333,11.25,0.03590425531914894,1,1,1,2,0,0,1,1,0
3180.0,0.0,71.0,360.0,0.0,3180.0,0.02232704402515723,265.0,5.916666666666667,0.022327044025157235,0,0,0,0,0,0,2,1,2
3033.0,1459.0,95.0,360.0,1.0,4492.0,0.021148708815672306,374.3333333333333,7.916666666666667,0.02114870881567231,1,1,1,0,0,0,2,2,2
3902.0,1666.0,109.0,360.0,1.0,5568.0,0.019576149425287355,464.0,9.083333333333334,0.01957614942528736,1,1,0,0,1,0,0,0,1
1500.0,1800.0,103.0,360.0,0.0,3300.0,0.031212121212121212,275.0,8.583333333333334,0.031212121212121215,1,0,0,0,0,0,1,1,1
2889.0,0.0,45.0,180.0,0.0,2889.0,0.01557632398753894,240.75,7.5,0.03115264797507788,0,1,1,2,1,0,2,1,2
2755.0,0.0,65.0,300.0,1.0,2755.0,0.023593466424682397,229.58333333333334,6.5,0.028312159709618874,0,1,0,0,1,0,0,1,2
2500.0,20000.0,103.0,360.0,1.0,22500.0,0.004577777777777778,1875.0,8.583333333333334,0.004577777777777778,1,1,0,0,0,0,1,3,1
1963.0,0.0,53.0,360.0,1.0,1963.0,0.026999490575649515,163.58333333333334,4.416666666666667,0.026999490575649515,0,0,0,0,1,0,1,1,2
7441.0,0.0,194.0,360.0,1.0,7441.0,0.026071764547775836,620.0833333333334,16.166666666666668,0.026071764547775836,0,0,0,0,0,1,0,0,3
4547.0,0.0,115.0,360.0,1.0,4547.0,0.025291400923685946,378.9166666666667,9.583333333333334,0.025291400923685946,0,0,0,0,0,0,1,2,1
2167.0,2400.0,115.0,360.0,1.0,4567.0,0.025180643748631486,380.5833333333333,9.583333333333334,0.02518064374863149,1,1,1,0,1,0,2,2,1
2213.0,0.0,66.0,360.0,1.0,2213.0,0.0298237686398554,184.41666666666666,5.5,0.029823768639855402,0,0,0,0,1,0,0,1,2
8300.0,0.0,152.0,300.0,0.0,8300.0,0.018313253012048194,691.6666666666666,15.2,0.02197590361445783,0,1,1,1,0,0,1,3,0
81000.0,0.0,360.0,360.0,0.0,81000.0,0.0044444444444444444,6750.0,30.0,0.0044444444444444444,0,1,1,3,0,0,0,3,3
3867.0,0.0,62.0,360.0,1.0,3867.0,0.016033100594776313,322.25,5.166666666666667,0.016033100594776313,0,0,0,1,1,1,1,1,2
6256.0,0.0,160.0,360.0,1.0,6256.0,0.02557544757033248,521.3333333333334,13.333333333333334,0.02557544757033248,0,1,1,0,0,0,2,0,0
6096.0,0.0,218.0,360.0,0.0,6096.0,0.035761154855643046,508.0,18.166666666666668,0.035761154855643046,0,1,1,0,1,0,0,0,3
2253.0,2033.0,110.0,360.0,1.0,4286.0,0.025664955669622024,357.1666666666667,9.166666666666666,0.02566495566962202,1,1,1,0,1,0,0,2,1
2149.0,3237.0,178.0,360.0,0.0,5386.0,0.03304864463423691,448.8333333333333,14.833333333333334,0.033048644634236915,1,0,1,0,1,0,1,2,3
2995.0,0.0,60.0,360.0,1.0,2995.0,0.02003338898163606,249.58333333333334,5.0,0.02003338898163606,0,0,0,0,0,0,2,1,2
2600.0,0.0,160.0,360.0,1.0,2600.0,0.06153846153846154,216.66666666666666,13.333333333333334,0.06153846153846154,0,0,0,1,0,0,2,1,0
1600.0,20000.0,239.0,360.0,1.0,21600.0,0.011064814814814816,1800.0,19.916666666666668,0.011064814814814816,1,1,1,2,0,1,2,3,3
1025.0,2773.0,112.0,360.0,1.0,3798.0,0.02948920484465508,316.5,9.333333333333334,0.029489204844655083,1,1,1,0,0,0,0,1,1
3246.0,1417.0,138.0,360.0,1.0,4663.0,0.029594681535492173,388.5833333333333,11.5,0.029594681535492173,1,1,1,0,0,0,1,2,0
5829.0,0.0,138.0,360.0,1.0,5829.0,0.023674729799279464,485.75,11.5,0.023674729799279464,0,1,1,0,0,0,0,0,0
2720.0,0.0,80.0,360.0,0.0,2720.0,0.029411764705882353,226.66666666666666,6.666666666666667,0.029411764705882356,0,0,0,0,1,0,2,1,2
1820.0,1719.0,100.0,360.0,1.0,3539.0,0.028256569652444195,294.9166666666667,8.333333333333334,0.028256569652444195,1,1,1,0,0,0,2,1,2
7250.0,1667.0,110.0,360.0,0.0,8917.0,0.01233598743972188,743.0833333333334,9.166666666666666,0.012335987439721878,1,1,1,1,0,0,2,3,1
14880.0,0.0,96.0,360.0,1.0,14880.0,0.0064516129032258064,1240.0,8.0,0.0064516129032258064,0,1,1,0,0,0,1,3,2
2666.0,4300.0,121.0,360.0,1.0,6966.0,0.01737008326155613,580.5,10.083333333333334,0.017370083261556132,1,1,1,0,0,0,0,0,1
4606.0,0.0,81.0,360.0,1.0,4606.0,0.017585757707338254,383.8333333333333,6.75,0.017585757707338254,0,0,0,1,1,0,0,2,2
5935.0,0.0,133.0,360.0,1.0,5935.0,0.02240943555181129,494.5833333333333,11.083333333333334,0.02240943555181129,0,1,1,2,0,0,1,0,0
2920.0,16.12,87.0,360.0,1.0,2936.12,0.029630941514651992,244.67666666666665,7.25,0.029630941514651992,1,1,1,0,0,0,0,1,2
2717.0,0.0,60.0,180.0,1.0,2717.0,0.02208317997791682,226.41666666666666,10.0,0.044166359955833644,0,1,0,0,1,0,2,1,2
8624.0,0.0,150.0,360.0,1.0,8624.0,0.017393320964749538,718.6666666666666,12.5,0.017393320964749538,0,0,0,1,0,1,1,3,0
6500.0,0.0,105.0,360.0,0.0,6500.0,0.016153846153846154,541.6666666666666,8.75,0.016153846153846154,0,1,0,0,0,0,0,0,1
12876.0,0.0,405.0,360.0,1.0,12876.0,0.03145386766076421,1073.0,33.75,0.03145386766076421,0,1,0,0,0,0,1,3,3
2425.0,2340.0,143.0,360.0,1.0,4765.0,0.030010493179433367,397.0833333333333,11.916666666666666,0.030010493179433367,1,1,1,0,0,0,1,2,0
3750.0,0.0,100.0,360.0,1.0,3750.0,0.02666666666666667,312.5,8.333333333333334,0.02666666666666667,0,1,0,0,0,0,2,1,2
10047.0,0.0,128.0,240.0,1.0,10047.0,0.012740121429282374,837.25,16.0,0.01911018214392356,0,0,1,0,0,0,1,3,1
1926.0,1851.0,50.0,360.0,1.0,3777.0,0.013238019592268996,314.75,4.166666666666667,0.013238019592268998,1,1,0,0,0,0,1,1,2
2213.0,1125.0,128.0,360.0,1.0,3338.0,0.03834631515877771,278.1666666666667,10.666666666666666,0.038346315158777705,1,1,1,0,0,0,2,1,1
10416.0,0.0,187.0,360.0,0.0,10416.0,0.0179531490015361,868.0,15.583333333333334,0.0179531490015361,0,1,0,0,0,1,2,3,3
7142.0,0.0,138.0,360.0,1.0,7142.0,0.019322318678241388,595.1666666666666,11.5,0.01932231867824139,0,0,1,0,1,1,0,0,0
3660.0,5064.0,187.0,360.0,1.0,8724.0,0.021435121503897293,727.0,15.583333333333334,0.021435121503897297,1,1,0,0,0,0,1,3,3
7901.0,1833.0,180.0,360.0,1.0,9734.0,0.018491884117526197,811.1666666666666,15.0,0.018491884117526197,1,1,1,0,0,0,0,3,3
4707.0,1993.0,148.0,360.0,1.0,6700.0,0.02208955223880597,558.3333333333334,12.333333333333334,0.02208955223880597,1,1,0,3,1,0,1,0,0
37719.0,0.0,152.0,360.0,1.0,37719.0,0.004029799305389856,3143.25,12.666666666666666,0.004029799305389856,0,1,0,1,0,0,1,3,0
7333.0,8333.0,175.0,300.0,1.0,15666.0,0.011170688114387846,1305.5,17.5,0.013404825737265416,1,1,1,0,0,0,0,3,3
3466.0,1210.0,130.0,360.0,1.0,4676.0,0.027801539777587682,389.6666666666667,10.833333333333334,0.027801539777587682,1,1,1,1,0,1,0,2,0
4652.0,0.0,110.0,360.0,1.0,4652.0,0.023645743766122097,387.6666666666667,9.166666666666666,0.023645743766122097,0,1,1,2,1,0,0,2,1
3539.0,1376.0,55.0,360.0,1.0,4915.0,0.011190233977619531,409.5833333333333,4.583333333333333,0.011190233977619531,1,1,1,0,0,0,0,2,2
3340.0,1710.0,150.0,360.0,0.0,5050.0,0.0297029702970297,420.8333333333333,12.5,0.029702970297029705,1,1,1,2,0,0,0,2,0
2769.0,1542.0,190.0,360.0,1.0,4311.0,0.04407330085826954,359.25,15.833333333333334,0.04407330085826954,1,1,0,1,1,1,1,2,3
2309.0,1255.0,125.0,360.0,0.0,3564.0,0.035072951739618406,297.0,10.416666666666666,0.035072951739618406,1,1,1,2,1,0,0,1,1
1958.0,1456.0,60.0,300.0,1.0,3414.0,0.01757469244288225,284.5,6.0,0.0210896309314587,1,1,1,2,1,0,2,1,2
3948.0,1733.0,149.0,360.0,0.0,5681.0,0.02622777679985918,473.4166666666667,12.416666666666666,0.026227776799859177,1,1,1,0,0,0,0,0,0
2483.0,2466.0,90.0,180.0,0.0,4949.0,0.018185492018589614,412.4166666666667,15.0,0.03637098403717923,1,1,1,0,0,0,0,2,2
7085.0,0.0,84.0,360.0,1.0,7085.0,0.011856033874382499,590.4166666666666,7.0,0.011856033874382499,0,1,0,0,0,1,1,0,2
3859.0,0.0,96.0,360.0,1.0,3859.0,0.024876911116869654,321.5833333333333,8.0,0.024876911116869658,0,1,1,2,0,0,1,1,2
4301.0,0.0,118.0,360.0,1.0,4301.0,0.027435480120902116,358.4166666666667,9.833333333333334,0.027435480120902116,0,1,1,0,0,0,2,2,1
3708.0,2569.0,173.0,360.0,1.0,6277.0,0.027560936753226063,523.0833333333334,14.416666666666666,0.02756093675322606,1,1,1,0,0,0,2,0,3
4354.0,0.0,136.0,360.0,1.0,4354.0,0.03123564538355535,362.8333333333333,11.333333333333334,0.031235645383555354,0,1,0,2,0,0,0,2,0
8334.0,0.0,160.0,360.0,1.0,8334.0,0.01919846412287017,694.5,13.333333333333334,0.01919846412287017,0,1,1,0,0,0,1,3,0
2083.0,4083.0,160.0,360.0,1.0,6166.0,0.025948751216347713,513.8333333333334,13.333333333333334,0.025948751216347713,1,1,1,0,0,1,1,0,0
7740.0,0.0,128.0,180.0,1.0,7740.0,0.016537467700258397,645.0,21.333333333333332,0.03307493540051679,0,1,1,3,0,0,2,3,1
3015.0,2188.0,153.0,360.0,1.0,5203.0,0.02940611185854315,433.5833333333333,12.75,0.02940611185854315,1,1,1,0,0,0,0,2,0
5191.0,0.0,132.0,360.0,1.0,5191.0,0.025428626468888462,432.5833333333333,11.0,0.025428626468888462,0,0,0,1,1,0,1,2,0
4166.0,0.0,98.0,360.0,0.0,4166.0,0.023523763802208355,347.1666666666667,8.166666666666666,0.02352376380220835,0,1,0,0,0,0,1,1,2
6000.0,0.0,140.0,360.0,1.0,6000.0,0.023333333333333334,500.0,11.666666666666666,0.02333333333333333,0,1,0,0,0,0,0,0,0
2947.0,1664.0,70.0,180.0,0.0,4611.0,0.015181088700932552,384.25,11.666666666666666,0.030362177401865104,1,1,1,3,1,0,2,2,2
16692.0,0.0,110.0,360.0,1.0,16692.0,0.006589983225497244,1391.0,9.166666666666666,0.006589983225497244,0,1,1,0,0,0,1,3,1
210.0,2917.0,98.0,360.0,1.0,3127.0,0.03133994243684042,260.5833333333333,8.166666666666666,0.03133994243684042,1,0,1,2,1,0,1,1,2
4333.0,2451.0,110.0,360.0,1.0,6784.0,0.016214622641509434,565.3333333333334,9.166666666666666,0.01621462264150943,1,1,1,0,0,0,2,0,1
3450.0,2079.0,162.0,360.0,1.0,5529.0,0.02930005425935974,460.75,13.5,0.02930005425935974,1,1,1,1,0,1,1,0,0
2653.0,1500.0,113.0,180.0,0.0,4153.0,0.027209246327955693,346.0833333333333,18.833333333333332,0.05441849265591139,1,1,1,1,1,0,0,1,1
4691.0,0.0,100.0,360.0,1.0,4691.0,0.021317416329140908,390.9166666666667,8.333333333333334,0.021317416329140908,0,1,1,3,0,0,1,2,2
2500.0,0.0,93.0,360.0,1.0,2500.0,0.0372,208.33333333333334,7.75,0.0372,0,0,0,0,0,1,2,1,2
5532.0,4648.0,162.0,360.0,1.0,10180.0,0.015913555992141455,848.3333333333334,13.5,0.01591355599214145,1,1,0,2,0,0,0,3,0
16525.0,1014.0,150.0,360.0,1.0,17539.0,0.008552369006214722,1461.5833333333333,12.5,0.008552369006214722,1,1,1,2,0,1,0,3,0
6700.0,1750.0,230.0,300.0,1.0,8450.0,0.027218934911242602,704.1666666666666,23.0,0.03266272189349113,1,1,1,2,0,0,1,3,3
2873.0,1872.0,132.0,360.0,0.0,4745.0,0.027818756585879872,395.4166666666667,11.0,0.027818756585879872,1,1,1,2,0,0,1,2,0
16667.0,2250.0,86.0,360.0,1.0,18917.0,0.004546175397790347,1576.4166666666667,7.166666666666667,0.004546175397790347,1,1,1,1,0,1,1,3,2
2947.0,1603.0,128.0,360.0,1.0,4550.0,0.028131868131868132,379.1666666666667,10.666666666666666,0.02813186813186813,1,1,1,2,0,0,2,2,1
4350.0,0.0,154.0,360.0,1.0,4350.0,0.035402298850574714,362.5,12.833333333333334,0.035402298850574714,0,0,0,0,1,0,0,2,0
3095.0,0.0,113.0,360.0,1.0,3095.0,0.03651050080775444,257.9166666666667,9.416666666666666,0.03651050080775444,0,1,1,3,1,0,0,1,1
2083.0,3150.0,128.0,360.0,1.0,5233.0,0.024460156697878845,436.0833333333333,10.666666666666666,0.024460156697878845,1,1,1,0,0,0,1,2,1
10833.0,0.0,234.0,360.0,1.0,10833.0,0.02160066463583495,902.75,19.5,0.02160066463583495,0,1,1,0,0,0,1,3,3
8333.0,0.0,246.0,360.0,1.0,8333.0,0.029521180847233888,694.4166666666666,20.5,0.02952118084723389,0,1,1,2,0,0,1,3,3
1958.0,2436.0,131.0,360.0,1.0,4394.0,0.029813381884387802,366.1666666666667,10.916666666666666,0.0298133818843878,1,1,1,1,1,0,0,2,0
3547.0,0.0,80.0,360.0,0.0,3547.0,0.02255427121511136,295.5833333333333,6.666666666666667,0.022554271215111363,0,1,0,2,0,0,0,1,2
18333.0,0.0,500.0,360.0,1.0,18333.0,0.02727322314951181,1527.75,41.666666666666664,0.02727322314951181,0,1,1,1,0,0,2,3,3
4583.0,2083.0,160.0,360.0,1.0,6666.0,0.024002400240024,555.5,13.333333333333334,0.024002400240024004,1,1,1,2,0,1,1,0,0
2435.0,0.0,75.0,360.0,1.0,2435.0,0.030800821355236138,202.91666666666666,6.25,0.03080082135523614,0,1,0,0,0,0,2,1,2
2699.0,2785.0,96.0,360.0,1.0,5484.0,0.0175054704595186,457.0,8.0,0.0175054704595186,1,1,0,0,1,0,1,0,2
5333.0,1131.0,186.0,360.0,1.0,6464.0,0.028774752475247526,538.6666666666666,15.5,0.028774752475247526,1,1,1,1,1,0,2,0,3
3691.0,0.0,110.0,360.0,1.0,3691.0,0.029802221620157138,307.5833333333333,9.166666666666666,0.029802221620157138,0,1,0,0,1,0,0,1,1
17263.0,0.0,225.0,360.0,1.0,17263.0,0.013033655795632277,1438.5833333333333,18.75,0.013033655795632277,0,0,0,0,1,1,1,3,3
3597.0,2157.0,119.0,360.0,0.0,5754.0,0.02068126520681265,479.5,9.916666666666666,0.02068126520681265,1,1,1,0,0,0,0,0,1
3326.0,913.0,105.0,84.0,1.0,4239.0,0.024769992922859165,353.25,37.5,0.10615711252653928,1,0,1,1,0,0,1,2,1
2600.0,1700.0,107.0,360.0,1.0,4300.0,0.02488372093023256,358.3333333333333,8.916666666666666,0.02488372093023256,1,1,1,0,1,0,0,2,1
4625.0,2857.0,111.0,12.0,1.0,7482.0,0.01483560545308741,623.5,277.5,0.4450681635926223,1,1,1,0,0,0,2,0,1
2895.0,0.0,95.0,360.0,1.0,2895.0,0.03281519861830743,241.25,7.916666666666667,0.03281519861830743,0,1,1,1,0,1,1,1,2
6283.0,4416.0,209.0,360.0,0.0,10699.0,0.019534535937938125,891.5833333333334,17.416666666666668,0.019534535937938125,1,1,0,0,0,0,0,3,3
645.0,3683.0,113.0,480.0,1.0,4328.0,0.0261090573012939,360.6666666666667,7.0625,0.019581792975970423,1,0,0,0,0,0,0,2,1
3159.0,0.0,100.0,360.0,1.0,3159.0,0.03165558721114277,263.25,8.333333333333334,0.03165558721114277,0,0,0,0,0,0,1,1,2
4865.0,5624.0,208.0,360.0,1.0,10489.0,0.01983029840785585,874.0833333333334,17.333333333333332,0.019830298407855846,1,1,1,2,0,0,1,3,3
4050.0,5302.0,138.0,360.0,1.0,9352.0,0.014756201881950384,779.3333333333334,11.5,0.014756201881950384,1,1,1,1,1,0,0,3,0
3814.0,1483.0,124.0,300.0,1.0,5297.0,0.0234094770624882,441.4166666666667,12.4,0.028091372474985842,1,1,1,0,1,0,1,2,1
3510.0,4416.0,243.0,360.0,1.0,7926.0,0.030658591975775928,660.5,20.25,0.030658591975775928,1,1,1,2,0,0,0,3,3
20833.0,6667.0,480.0,360.0,1.0,27500.0,0.017454545454545455,2291.6666666666665,40.0,0.017454545454545455,1,1,1,0,0,0,2,3,3
3583.0,0.0,96.0,360.0,1.0,3583.0,0.026793190064192018,298.5833333333333,8.0,0.02679319006419202,0,1,0,0,0,0,2,1,2
2479.0,3013.0,188.0,360.0,1.0,5492.0,0.03423160961398398,457.6666666666667,15.666666666666666,0.03423160961398397,1,1,1,0,0,1,2,0,3
13262.0,0.0,40.0,360.0,1.0,13262.0,0.003016136329362087,1105.1666666666667,3.3333333333333335,0.003016136329362087,0,0,0,1,0,0,2,3,2
3598.0,1287.0,100.0,360.0,1.0,4885.0,0.02047082906857728,407.0833333333333,8.333333333333334,0.02047082906857728,1,1,0,0,1,0,0,2,2
6065.0,2004.0,250.0,360.0,1.0,8069.0,0.030982773577890692,672.4166666666666,20.833333333333332,0.030982773577890692,1,1,1,1,0,0,1,3,3
3283.0,2035.0,148.0,360.0,1.0,5318.0,0.027830011282437006,443.1666666666667,12.333333333333334,0.027830011282437006,1,1,1,2,0,0,2,2,0
2130.0,6666.0,70.0,180.0,1.0,8796.0,0.007958162801273306,733.0,11.666666666666666,0.015916325602546612,1,1,1,0,0,0,1,3,2
5815.0,3666.0,311.0,360.0,1.0,9481.0,0.03280244699926168,790.0833333333334,25.916666666666668,0.03280244699926168,1,1,0,0,0,0,0,3,3
3466.0,3428.0,150.0,360.0,1.0,6894.0,0.02175805047867711,574.5,12.5,0.02175805047867711,1,1,1,3,0,0,0,0,0
2031.0,1632.0,113.0,480.0,1.0,3663.0,0.03084903084903085,305.25,7.0625,0.023136773136773137,1,0,1,2,0,0,1,1,1
3074.0,1800.0,123.0,360.0,0.0,4874.0,0.025235945835043086,406.1666666666667,10.25,0.025235945835043086,1,1,1,0,1,0,1,2,1
4683.0,1915.0,185.0,360.0,1.0,6598.0,0.02803879963625341,549.8333333333334,15.416666666666666,0.028038799636253407,1,1,0,0,0,0,1,0,3
3400.0,0.0,95.0,360.0,1.0,3400.0,0.027941176470588237,283.3333333333333,7.916666666666667,0.027941176470588237,0,0,0,0,1,0,0,1,2
2192.0,1742.0,45.0,360.0,1.0,3934.0,0.011438739196746314,327.8333333333333,3.75,0.011438739196746315,1,1,1,2,1,0,1,1,2
2500.0,0.0,55.0,360.0,1.0,2500.0,0.022,208.33333333333334,4.583333333333333,0.022,0,1,0,0,0,0,1,1,2
5677.0,1424.0,100.0,360.0,1.0,7101.0,0.01408252358822701,591.75,8.333333333333334,0.014082523588227012,1,1,1,3,0,1,0,0,2
7948.0,7166.0,480.0,360.0,1.0,15114.0,0.031758634378721715,1259.5,40.0,0.031758634378721715,1,1,1,2,0,1,0,3,3
4680.0,2087.0,128.0,360.0,1.0,6767.0,0.01891532436825772,563.9166666666666,10.666666666666666,0.01891532436825772,1,1,0,0,0,0,1,0,1
17500.0,0.0,400.0,360.0,1.0,17500.0,0.022857142857142857,1458.3333333333333,33.333333333333336,0.02285714285714286,0,1,1,2,0,1,0,3,3
3775.0,0.0,110.0,360.0,1.0,3775.0,0.02913907284768212,314.5833333333333,9.166666666666666,0.029139072847682117,0,1,1,0,0,0,1,1,1
5285.0,1430.0,161.0,360.0,0.0,6715.0,0.023976172747580043,559.5833333333334,13.416666666666666,0.023976172747580043,1,1,1,1,1,0,1,0,0
2679.0,1302.0,94.0,360.0,1.0,3981.0,0.02361215774930922,331.75,7.833333333333333,0.023612157749309217,1,1,0,1,1,0,1,1,2
6783.0,0.0,130.0,360.0,1.0,6783.0,0.019165560961226596,565.25,10.833333333333334,0.019165560961226596,0,1,0,0,1,0,1,0,0
1025.0,5500.0,216.0,360.0,1.0,6525.0,0.03310344827586207,543.75,18.0,0.03310344827586207,1,1,1,0,0,0,0,0,3
4281.0,0.0,100.0,360.0,1.0,4281.0,0.023359028264424198,356.75,8.333333333333334,0.0233590282644242,0,1,1,3,0,0,2,2,2
3588.0,0.0,110.0,360.0,0.0,3588.0,0.030657748049052396,299.0,9.166666666666666,0.030657748049052396,0,1,0,2,0,0,0,1,1
11250.0,0.0,196.0,360.0,1.0,11250.0,0.01742222222222222,937.5,16.333333333333332,0.01742222222222222,0,1,0,1,0,0,1,3,3
18165.0,0.0,125.0,360.0,1.0,18165.0,0.006881365262868153,1513.75,10.416666666666666,0.006881365262868153,0,0,0,0,1,1,2,3,1
2550.0,2042.0,126.0,360.0,1.0,4592.0,0.027439024390243903,382.6666666666667,10.5,0.027439024390243903,1,1,0,0,1,0,0,2,1
6133.0,3906.0,324.0,360.0,1.0,10039.0,0.03227413088953083,836.5833333333334,27.0,0.03227413088953083,1,1,1,0,0,0,2,3,3
3617.0,0.0,107.0,360.0,1.0,3617.0,0.029582526956040918,301.4166666666667,8.916666666666666,0.029582526956040914,0,1,0,2,0,0,1,1,1
2917.0,536.0,66.0,360.0,1.0,3453.0,0.019113814074717638,287.75,5.5,0.019113814074717638,1,1,1,0,1,0,0,1,2
6417.0,0.0,157.0,180.0,1.0,6417.0,0.02446626149290946,534.75,26.166666666666668,0.04893252298581892,0,1,1,3,0,0,0,0,0
4608.0,2845.0,140.0,180.0,1.0,7453.0,0.018784382128002146,621.0833333333334,23.333333333333332,0.03756876425600429,1,0,1,1,0,0,1,0,0
2138.0,0.0,99.0,360.0,0.0,2138.0,0.04630495790458372,178.16666666666666,8.25,0.04630495790458373,0,0,0,0,0,0,1,1,2
3652.0,0.0,95.0,360.0,1.0,3652.0,0.026013143483023003,304.3333333333333,7.916666666666667,0.026013143483023003,0,0,0,1,0,0,1,1,2
2239.0,2524.0,128.0,360.0,1.0,4763.0,0.026873819021625025,396.9166666666667,10.666666666666666,0.026873819021625025,1,1,1,1,1,0,2,2,1
3017.0,663.0,102.0,360.0,1.0,3680.0,0.027717391304347826,306.6666666666667,8.5,0.027717391304347826,1,0,1,0,1,0,1,1,1
2768.0,1950.0,155.0,360.0,1.0,4718.0,0.03285290377278508,393.1666666666667,12.916666666666666,0.032852903772785075,1,1,1,0,0,0,0,2,0
3358.0,0.0,80.0,36.0,1.0,3358.0,0.023823704586063133,279.8333333333333,66.66666666666667,0.23823704586063135,0,1,0,0,1,0,1,1,2
2526.0,1783.0,145.0,360.0,1.0,4309.0,0.03365049895567417,359.0833333333333,12.083333333333334,0.03365049895567417,1,1,0,0,0,0,0,2,0
5000.0,0.0,103.0,360.0,0.0,5000.0,0.0206,416.6666666666667,8.583333333333334,0.0206,0,0,0,0,0,0,1,2,1
2785.0,2016.0,110.0,360.0,1.0,4801.0,0.022911893355550928,400.0833333333333,9.166666666666666,0.022911893355550928,1,1,1,0,0,0,0,2,1
6633.0,0.0,128.0,360.0,0.0,6633.0,0.019297452133273028,552.75,10.666666666666666,0.019297452133273028,0,1,1,2,0,1,0,0,1
2492.0,2375.0,128.0,360.0,1.0,4867.0,0.026299568522703924,405.5833333333333,10.666666666666666,0.026299568522703924,1,1,1,1,1,0,0,2,1
3333.0,3250.0,158.0,360.0,1.0,6583.0,0.024001215251405136,548.5833333333334,13.166666666666666,0.024001215251405132,1,1,1,1,0,0,2,0,0
2454.0,2333.0,181.0,360.0,0.0,4787.0,0.03781073741382912,398.9166666666667,15.083333333333334,0.03781073741382912,1,1,1,0,1,0,2,2,3
3593.0,4266.0,132.0,180.0,0.0,7859.0,0.01679603002926581,654.9166666666666,22.0,0.033592060058531624,1,1,1,0,0,0,0,3,0
5468.0,1032.0,26.0,360.0,1.0,6500.0,0.004,541.6666666666666,2.1666666666666665,0.004,1,1,1,1,0,0,1,0,2
2667.0,1625.0,84.0,360.0,1.0,4292.0,0.0195712954333644,357.6666666666667,7.0,0.0195712954333644,1,0,0,0,0,0,2,2,2
10139.0,0.0,260.0,360.0,1.0,10139.0,0.025643554591182564,844.9166666666666,21.666666666666668,0.025643554591182564,0,1,1,3,0,1,1,3,3
3887.0,2669.0,162.0,360.0,1.0,6556.0,0.02471018913971934,546.3333333333334,13.5,0.02471018913971934,1,1,1,0,0,0,1,0,0
4180.0,2306.0,182.0,360.0,1.0,6486.0,0.028060437866173297,540.5,15.166666666666666,0.028060437866173297,1,0,1,0,0,0,1,0,3
3675.0,242.0,108.0,360.0,1.0,3917.0,0.027572121521572634,326.4166666666667,9.0,0.02757212152157263,1,1,1,2,1,0,1,1,1
19484.0,0.0,600.0,360.0,1.0,19484.0,0.03079449804968179,1623.6666666666667,50.0,0.03079449804968179,0,0,1,1,0,1,1,3,3
5923.0,2054.0,211.0,360.0,1.0,7977.0,0.02645104675943337,664.75,17.583333333333332,0.02645104675943337,1,1,1,0,0,0,0,3,3
5800.0,0.0,132.0,360.0,1.0,5800.0,0.022758620689655173,483.3333333333333,11.0,0.022758620689655173,0,1,0,0,1,1,1,0,0
8799.0,0.0,258.0,360.0,0.0,8799.0,0.029321513808387316,733.25,21.5,0.029321513808387316,0,1,1,2,0,0,2,3,3
4467.0,0.0,120.0,360.0,1.0,4467.0,0.026863666890530557,372.25,10.0,0.026863666890530557,0,1,1,0,1,0,0,2,1
3333.0,0.0,70.0,360.0,1.0,3333.0,0.021002100210021003,277.75,5.833333333333333,0.021002100210021,0,1,0,0,0,0,2,1,2
3400.0,2500.0,123.0,360.0,0.0,5900.0,0.020847457627118645,491.6666666666667,10.25,0.02084745762711864,1,1,1,3,0,0,0,0,1
2378.0,0.0,9.0,360.0,1.0,2378.0,0.0037846930193439865,198.16666666666666,0.75,0.003784693019343987,0,0,0,0,0,0,2,1,2
3166.0,2064.0,104.0,360.0,0.0,5230.0,0.01988527724665392,435.8333333333333,8.666666666666666,0.01988527724665392,1,1,1,0,0,0,2,2,1
3417.0,1750.0,186.0,360.0,1.0,5167.0,0.035997677569189084,430.5833333333333,15.5,0.035997677569189084,1,1,1,1,0,0,2,2,3
5116.0,1451.0,165.0,360.0,0.0,6567.0,0.02512562814070352,547.25,13.75,0.02512562814070352,1,1,1,0,0,0,2,0,3
16666.0,0.0,275.0,360.0,1.0,16666.0,0.016500660026401055,1388.8333333333333,22.916666666666668,0.01650066002640106,0,1,1,2,0,0,2,3,3
6125.0,1625.0,187.0,480.0,1.0,7750.0,0.024129032258064516,645.8333333333334,11.6875,0.018096774193548385,1,1,1,2,1,0,1,3,3
6406.0,0.0,150.0,360.0,1.0,6406.0,0.023415547923821417,533.8333333333334,12.5,0.023415547923821417,0,1,1,3,0,0,1,0,0
3159.0,461.0,108.0,84.0,1.0,3620.0,0.02983425414364641,301.6666666666667,38.57142857142858,0.12786108918705605,1,1,1,2,0,0,2,1,1
3087.0,2210.0,136.0,360.0,0.0,5297.0,0.02567491032659996,441.4166666666667,11.333333333333334,0.02567491032659996,1,1,1,0,0,0,1,2,0
3229.0,2739.0,110.0,360.0,1.0,5968.0,0.018431635388739945,497.3333333333333,9.166666666666666,0.018431635388739945,1,1,0,0,0,0,2,0,1
1782.0,2232.0,107.0,360.0,1.0,4014.0,0.02665670154459392,334.5,8.916666666666666,0.02665670154459392,1,1,1,1,0,0,0,1,1
3182.0,2917.0,161.0,360.0,1.0,6099.0,0.026397770126250206,508.25,13.416666666666666,0.026397770126250202,1,1,0,0,0,0,2,0,0
6540.0,0.0,205.0,360.0,1.0,6540.0,0.03134556574923547,545.0,17.083333333333332,0.03134556574923547,0,1,1,2,0,0,1,0,3
1836.0,33837.0,90.0,360.0,1.0,35673.0,0.0025229164914641325,2972.75,7.5,0.0025229164914641325,1,1,0,0,0,0,2,3,2
3166.0,0.0,36.0,360.0,1.0,3166.0,0.011370814908401769,263.8333333333333,3.0,0.01137081490840177,0,0,1,0,0,0,1,1,2
1880.0,0.0,61.0,360.0,1.0,1880.0,0.032446808510638296,156.66666666666666,5.083333333333333,0.032446808510638296,0,1,1,1,0,0,0,1,2
2787.0,1917.0,146.0,360.0,0.0,4704.0,0.031037414965986394,392.0,12.166666666666666,0.031037414965986394,1,1,1,1,0,0,0,2,0
4283.0,3000.0,172.0,84.0,1.0,7283.0,0.02361664149388988,606.9166666666666,61.42857142857143,0.10121417783095664,1,1,1,1,0,0,0,0,3
2297.0,1522.0,104.0,360.0,1.0,3819.0,0.027232259753862266,318.25,8.666666666666666,0.027232259753862266,1,1,1,0,0,0,2,1,1
2165.0,0.0,70.0,360.0,1.0,2165.0,0.03233256351039261,180.41666666666666,5.833333333333333,0.03233256351039261,0,0,0,0,1,0,1,1,2
4750.0,0.0,94.0,360.0,1.0,4750.0,0.019789473684210527,395.8333333333333,7.833333333333333,0.019789473684210527,0,1,0,0,0,0,1,2,2
2726.0,0.0,106.0,360.0,0.0,2726.0,0.03888481291269259,227.16666666666666,8.833333333333334,0.03888481291269259,0,1,1,2,0,1,1,1,1
3000.0,3416.0,56.0,180.0,1.0,6416.0,0.008728179551122194,534.6666666666666,9.333333333333334,0.01745635910224439,1,1,1,0,0,0,1,0,2
6000.0,0.0,205.0,240.0,1.0,6000.0,0.034166666666666665,500.0,25.625,0.05125,0,1,1,2,0,1,1,0,3
9357.0,0.0,292.0,360.0,1.0,9357.0,0.031206583306615368,779.75,24.333333333333332,0.031206583306615368,0,1,0,3,0,1,1,3,3
3859.0,3300.0,142.0,180.0,1.0,7159.0,0.019835172510127112,596.5833333333334,23.666666666666668,0.039670345020254225,1,1,1,0,0,0,0,0,0
16120.0,0.0,260.0,360.0,1.0,16120.0,0.016129032258064516,1343.3333333333333,21.666666666666668,0.01612903225806452,0,1,1,0,0,1,2,3,3
3833.0,0.0,110.0,360.0,1.0,3833.0,0.02869814766501435,319.4166666666667,9.166666666666666,0.028698147665014346,0,1,0,0,1,0,0,1,1
6383.0,1000.0,187.0,360.0,1.0,7383.0,0.025328457266693756,615.25,15.583333333333334,0.025328457266693756,1,1,1,2,1,1,0,0,3
2987.0,0.0,88.0,360.0,0.0,2987.0,0.02946099765651155,248.91666666666666,7.333333333333333,0.02946099765651155,0,1,0,0,0,0,1,1,2
9963.0,0.0,180.0,360.0,1.0,9963.0,0.018066847335140017,830.25,15.0,0.018066847335140017,0,1,1,0,0,1,0,3,3
5780.0,0.0,192.0,360.0,1.0,5780.0,0.03321799307958478,481.6666666666667,16.0,0.03321799307958477,0,1,1,2,0,0,2,0,3
416.0,41667.0,350.0,180.0,1.0,42083.0,0.00831689755958463,3506.9166666666665,58.333333333333336,0.01663379511916926,1,0,0,3,0,0,2,3,3
2894.0,2792.0,155.0,360.0,1.0,5686.0,0.027259936686598662,473.8333333333333,12.916666666666666,0.027259936686598662,1,1,1,0,1,0,0,0,0
5703.0,0.0,128.0,360.0,1.0,5703.0,0.02244432754690514,475.25,10.666666666666666,0.022444327546905136,0,1,1,3,0,0,2,0,1
3676.0,4301.0,172.0,360.0,1.0,7977.0,0.021561990723329573,664.75,14.333333333333334,0.021561990723329573,1,1,0,0,0,0,0,3,3
12000.0,0.0,496.0,360.0,1.0,12000.0,0.04133333333333333,1000.0,41.333333333333336,0.04133333333333333,0,0,1,1,0,0,1,3,3
2400.0,3800.0,128.0,180.0,1.0,6200.0,0.02064516129032258,516.6666666666666,21.333333333333332,0.04129032258064516,1,1,1,0,1,0,2,0,1
3400.0,2500.0,173.0,360.0,1.0,5900.0,0.029322033898305084,491.6666666666667,14.416666666666666,0.029322033898305084,1,1,1,1,0,0,1,0,3
3987.0,1411.0,157.0,360.0,1.0,5398.0,0.029084846239347907,449.8333333333333,13.083333333333334,0.02908484623934791,1,1,1,2,1,0,0,2,0
3232.0,1950.0,108.0,360.0,1.0,5182.0,0.020841373986877652,431.8333333333333,9.0,0.020841373986877656,1,1,1,0,0,0,0,2,1
2900.0,0.0,71.0,360.0,1.0,2900.0,0.024482758620689656,241.66666666666666,5.916666666666667,0.024482758620689656,0,0,0,0,0,0,0,1,2
4106.0,0.0,40.0,180.0,1.0,4106.0,0.00974184120798831,342.1666666666667,6.666666666666667,0.01948368241597662,0,1,1,3,0,0,0,1,2
8072.0,240.0,253.0,360.0,1.0,8312.0,0.030437921077959576,692.6666666666666,21.083333333333332,0.030437921077959576,1,1,1,1,0,0,2,3,3
7583.0,0.0,187.0,360.0,1.0,7583.0,0.024660424634049848,631.9166666666666,15.583333333333334,0.02466042463404985,0,1,1,2,0,0,2,3,3
4583.0,0.0,133.0,360.0,0.0,4583.0,0.02902029238490072,381.9166666666667,11.083333333333334,0.02902029238490072,0,0,0,0,0,1,1,2,0
