Loan_ID,PredictedLoanAmount_1Month,Gender,Married,ApplicantIncome,CoapplicantIncome,TotalIncome,Credit_History,Property_Area
LP001002,39.583968051584144,Male,No,5849.0,0.0,5849.0,1,Urban
LP001003,40.52012326345211,Male,Yes,4583.0,1508.0,6091.0,1,Rural
LP001005,36.63505979016565,Male,Yes,3000.0,0.0,3000.0,1,Urban
LP001006,40.746244224234545,Male,Yes,2583.0,2358.0,4941.0,1,Urban
LP001008,39.48551105262787,Male,No,6000.0,0.0,6000.0,1,Urban
LP001011,43.90844694644005,Male,Yes,5417.0,4196.0,9613.0,1,Urban
LP001013,39.60958764904288,Male,Yes,2333.0,1516.0,3849.0,1,Urban
LP001014,43.14830656108956,Male,Yes,3036.0,2504.0,5540.0,0,Semiurban
LP001018,39.03159752436003,Male,Yes,4006.0,1526.0,5532.0,1,Urban
LP001020,70.52033382629972,Male,Yes,12841.0,10968.0,23809.0,1,Semiurban
LP001024,37.818782434038816,Male,Yes,3200.0,700.0,3900.0,1,Urban
LP001027,39.27121760850519,Male,Yes,2500.0,1840.0,4340.0,1,Urban
LP001028,46.01668672047055,Male,Yes,3073.0,8106.0,11179.0,1,Urban
LP001029,41.74903502719381,Male,No,1853.0,2840.0,4693.0,1,Rural
LP001030,32.56160484721051,Male,Yes,1299.0,1086.0,2385.0,1,Urban
LP001032,39.26687182148692,Male,No,4950.0,0.0,4950.0,1,Urban
LP001034,40.64018109321822,Male,No,3596.0,0.0,3596.0,0,Urban
LP001036,38.650973688767465,Female,No,3510.0,0.0,3510.0,0,Urban
LP001038,39.48250927399524,Male,Yes,4887.0,0.0,4887.0,1,Rural
LP001041,42.21182863798726,Male,Yes,2600.0,3500.0,6100.0,1,Urban
LP001043,40.18224436772786,Male,Yes,7660.0,0.0,7660.0,0,Urban
LP001046,41.30709562205133,Male,Yes,5955.0,5625.0,11580.0,1,Urban
LP001047,41.19903514824719,Male,Yes,2600.0,1911.0,4511.0,0,Semiurban
LP001050,39.9577638641661,Unknown,Yes,3365.0,1917.0,5282.0,0,Rural
LP001052,42.871539979377324,Male,Yes,3717.0,2925.0,6642.0,0,Semiurban
LP001066,38.46171812295138,Male,Yes,9560.0,0.0,9560.0,1,Semiurban
LP001068,41.36600552399958,Male,Yes,2799.0,2253.0,5052.0,1,Semiurban
LP001073,38.375210342661,Male,Yes,4226.0,1040.0,5266.0,1,Urban
LP001086,35.52523761357966,Male,No,1442.0,0.0,1442.0,1,Urban
LP001087,40.20831332948951,Female,No,3750.0,2083.0,5833.0,1,Semiurban
LP001091,43.25853380439077,Male,Yes,4166.0,3369.0,7535.0,0,Urban
LP001095,36.839700208757,Male,No,3167.0,0.0,3167.0,1,Urban
LP001097,39.514689745233724,Male,No,4692.0,0.0,4692.0,1,Rural
LP001098,41.20903327594445,Male,Yes,3500.0,1667.0,5167.0,1,Semiurban
LP001100,35.858681810535664,Male,No,12500.0,3000.0,15500.0,1,Rural
LP001106,40.65222420002402,Male,Yes,2275.0,2067.0,4342.0,1,Urban
LP001109,35.765088413130954,Male,Yes,1828.0,1330.0,3158.0,0,Urban
LP001112,40.53920453316756,Female,Yes,3667.0,1459.0,5126.0,1,Semiurban
LP001114,41.64233188491131,Male,No,4166.0,7210.0,11376.0,1,Urban
LP001116,41.27795872000032,Male,No,3748.0,1668.0,5416.0,1,Semiurban
LP001119,38.87144825355675,Male,No,3600.0,0.0,3600.0,1,Urban
LP001120,35.90241420618077,Male,No,1800.0,1213.0,3013.0,1,Urban
LP001123,36.53822824399862,Male,Yes,2400.0,0.0,2400.0,0,Urban
LP001131,41.67220524064271,Male,Yes,3941.0,2336.0,6277.0,1,Semiurban
LP001136,39.20950964888447,Male,Yes,4695.0,0.0,4695.0,1,Urban
LP001137,38.42439450694545,Female,No,3410.0,0.0,3410.0,1,Urban
LP001138,38.44675137910113,Male,Yes,5649.0,0.0,5649.0,1,Urban
LP001144,39.66081498323274,Male,Yes,5821.0,0.0,5821.0,1,Urban
LP001146,41.82435836990126,Female,Yes,2645.0,3440.0,6085.0,0,Urban
LP001151,41.50553520710893,Female,No,4000.0,2275.0,6275.0,1,Semiurban
LP001155,39.59829310015843,Female,Yes,1928.0,1644.0,3572.0,1,Semiurban
LP001157,37.56975506902915,Female,No,3086.0,0.0,3086.0,1,Semiurban
LP001164,39.45155243867342,Female,No,4230.0,0.0,4230.0,1,Semiurban
LP001179,38.14688011346002,Male,Yes,4616.0,0.0,4616.0,1,Urban
LP001186,29.453365928414737,Female,Yes,11500.0,0.0,11500.0,0,Urban
LP001194,38.89334955574229,Male,Yes,2708.0,1167.0,3875.0,1,Semiurban
LP001195,40.19785068370761,Male,Yes,2132.0,1591.0,3723.0,1,Semiurban
LP001197,41.5085827038148,Male,Yes,3366.0,2200.0,5566.0,1,Rural
LP001198,47.33728434597397,Male,Yes,8080.0,2250.0,10330.0,1,Urban
LP001199,41.2440123906443,Male,Yes,3357.0,2859.0,6216.0,1,Urban
LP001205,42.57142511769208,Male,Yes,2500.0,3796.0,6296.0,1,Urban
LP001206,38.57563332207756,Male,Yes,3029.0,0.0,3029.0,1,Urban
LP001207,39.565498420353975,Male,Yes,2609.0,3449.0,6058.0,0,Rural
LP001213,39.06209840137911,Male,Yes,4945.0,0.0,4945.0,0,Rural
LP001222,39.45155243867342,Female,No,4166.0,0.0,4166.0,0,Semiurban
LP001225,46.14969391863949,Male,Yes,5726.0,4595.0,10321.0,1,Semiurban
LP001228,37.63160667158055,Male,No,3200.0,2254.0,5454.0,0,Urban
LP001233,37.12280045296451,Male,Yes,10750.0,0.0,10750.0,1,Urban
LP001238,41.324702066447706,Male,Yes,7100.0,0.0,7100.0,1,Urban
LP001241,39.592734952430334,Female,No,4300.0,0.0,4300.0,0,Semiurban
LP001243,42.22663914480195,Male,Yes,3208.0,3066.0,6274.0,1,Urban
LP001245,38.428722831946345,Male,Yes,1875.0,1875.0,3750.0,1,Semiurban
LP001248,40.26658605412515,Male,No,3500.0,0.0,3500.0,1,Semiurban
LP001250,41.83221054250744,Male,Yes,4755.0,0.0,4755.0,0,Semiurban
LP001253,42.82544305806169,Male,Yes,5266.0,1774.0,7040.0,1,Semiurban
LP001255,38.94845317486617,Male,No,3750.0,0.0,3750.0,1,Urban
LP001256,39.17562292348791,Male,No,3750.0,4750.0,8500.0,1,Urban
LP001259,39.606492858013326,Male,Yes,1000.0,3022.0,4022.0,1,Urban
LP001263,44.764083874131906,Male,Yes,3167.0,4000.0,7167.0,0,Semiurban
LP001264,43.11166087959775,Male,Yes,3333.0,2166.0,5499.0,0,Semiurban
LP001265,39.45155243867342,Female,No,3846.0,0.0,3846.0,1,Semiurban
LP001266,36.85112123886424,Male,Yes,2395.0,0.0,2395.0,1,Semiurban
LP001267,36.086855936103035,Female,Yes,1378.0,1881.0,3259.0,1,Urban
LP001273,42.23104415107081,Male,Yes,6000.0,2250.0,8250.0,0,Semiurban
LP001275,41.583951367960665,Male,Yes,3988.0,0.0,3988.0,1,Urban
LP001279,42.63537346596943,Male,No,2366.0,2531.0,4897.0,1,Semiurban
LP001280,40.124923577470724,Male,Yes,3333.0,2000.0,5333.0,0,Semiurban
LP001282,41.44689964169489,Male,Yes,2500.0,2118.0,4618.0,1,Semiurban
LP001289,41.519022813051464,Male,No,8566.0,0.0,8566.0,1,Urban
LP001310,46.32198393170603,Male,Yes,5695.0,4167.0,9862.0,1,Semiurban
LP001316,42.81694244674938,Male,Yes,2958.0,2900.0,5858.0,1,Semiurban
LP001318,31.945121157898168,Male,Yes,6250.0,5654.0,11904.0,1,Semiurban
LP001319,39.125920042561056,Male,Yes,3273.0,1820.0,5093.0,1,Urban
LP001322,39.5026103345416,Male,No,4133.0,0.0,4133.0,1,Semiurban
LP001325,35.99395277639713,Male,No,3620.0,0.0,3620.0,1,Semiurban
LP001326,39.77574037812725,Male,No,6782.0,0.0,6782.0,0,Urban
LP001327,41.020762619264325,Female,Yes,2484.0,2302.0,4786.0,1,Semiurban
LP001333,36.96228593066002,Male,Yes,1977.0,997.0,2974.0,1,Semiurban
LP001334,36.87001038980858,Male,Yes,4188.0,0.0,4188.0,1,Semiurban
LP001343,42.131222754761566,Male,Yes,1759.0,3541.0,5300.0,1,Semiurban
LP001345,41.480092524344,Male,Yes,4288.0,3263.0,7551.0,1,Urban
LP001349,45.81970854795533,Male,No,4843.0,3806.0,8649.0,1,Semiurban
LP001350,39.858719708741845,Male,Yes,13650.0,0.0,13650.0,1,Urban
LP001356,45.033159112084725,Male,Yes,4652.0,3583.0,8235.0,1,Semiurban
LP001357,40.03410712340155,Male,Unknown,3816.0,754.0,4570.0,1,Urban
LP001367,38.381900441853276,Male,Yes,3052.0,1030.0,4082.0,1,Urban
LP001369,18.57475124305512,Male,Yes,11417.0,1126.0,12543.0,1,Urban
LP001370,39.46298122623117,Male,No,7333.0,0.0,7333.0,1,Rural
LP001379,42.16798260998103,Male,Yes,3800.0,3600.0,7400.0,0,Urban
LP001384,39.570188806181946,Male,Yes,2071.0,754.0,2825.0,1,Semiurban
LP001385,39.26687182148692,Male,No,5316.0,0.0,5316.0,1,Urban
LP001387,40.978535255913584,Female,Yes,2929.0,2333.0,5262.0,1,Semiurban
LP001391,43.37205424337856,Male,Yes,3572.0,4114.0,7686.0,0,Rural
LP001392,39.15139089821939,Female,No,7451.0,0.0,7451.0,1,Semiurban
LP001398,39.7395220538613,Male,No,5050.0,0.0,5050.0,1,Semiurban
LP001401,45.94134816783709,Male,Yes,14583.0,0.0,14583.0,1,Rural
LP001404,40.978535255913584,Female,Yes,3167.0,2283.0,5450.0,1,Semiurban
LP001405,38.493212765413304,Male,Yes,2214.0,1398.0,3612.0,0,Urban
LP001421,41.982599927372945,Male,Yes,5568.0,2142.0,7710.0,1,Rural
LP001422,41.65118079111634,Female,No,10408.0,0.0,10408.0,1,Urban
LP001426,44.62428844646543,Male,Yes,5667.0,2667.0,8334.0,1,Rural
LP001430,39.45155243867342,Female,No,4166.0,0.0,4166.0,1,Semiurban
LP001431,46.44495601527668,Female,No,2137.0,8980.0,11117.0,0,Semiurban
LP001432,36.56119849925282,Male,Yes,2957.0,0.0,2957.0,1,Semiurban
LP001439,41.26706156754582,Male,Yes,4300.0,2014.0,6314.0,1,Rural
LP001443,39.334942213696515,Female,No,3692.0,0.0,3692.0,0,Rural
LP001448,83.79847810212235,Unknown,Yes,23803.0,0.0,23803.0,1,Rural
LP001449,40.94959571654924,Male,No,3865.0,1640.0,5505.0,1,Rural
LP001451,32.263873445599025,Male,Yes,10513.0,3850.0,14363.0,0,Urban
LP001465,44.602829044112354,Male,Yes,6080.0,2569.0,8649.0,0,Rural
LP001469,77.20827046165863,Male,No,20166.0,0.0,20166.0,0,Urban
LP001473,39.50374521601898,Male,No,2014.0,1929.0,3943.0,1,Urban
LP001478,37.5282923466498,Male,No,2718.0,0.0,2718.0,1,Semiurban
LP001482,35.50286101415195,Male,Yes,3459.0,0.0,3459.0,1,Semiurban
LP001487,39.7395220538613,Male,No,4895.0,0.0,4895.0,1,Semiurban
LP001488,36.13239577829224,Male,Yes,4000.0,7750.0,11750.0,1,Semiurban
LP001489,39.45431934274318,Female,Yes,4583.0,0.0,4583.0,1,Rural
LP001491,41.343084691535886,Male,Yes,3316.0,3500.0,6816.0,1,Urban
LP001492,38.17100064416161,Male,No,14999.0,0.0,14999.0,0,Semiurban
LP001493,39.64303759393408,Male,Yes,4200.0,1430.0,5630.0,1,Rural
LP001497,40.865891367767524,Male,Yes,5042.0,2083.0,7125.0,1,Rural
LP001498,39.26687182148692,Male,No,5417.0,0.0,5417.0,1,Urban
LP001504,38.49262501611008,Male,No,6950.0,0.0,6950.0,1,Semiurban
LP001507,41.14709660637373,Male,Yes,2698.0,2034.0,4732.0,1,Semiurban
LP001508,44.36534788151902,Male,Yes,11757.0,0.0,11757.0,1,Urban
LP001514,42.46991821594089,Female,Yes,2330.0,4486.0,6816.0,1,Semiurban
LP001516,37.915322264466276,Female,Yes,14866.0,0.0,14866.0,1,Urban
LP001518,35.003460962069944,Male,Yes,1538.0,1425.0,2963.0,1,Urban
LP001519,30.00737299516708,Female,No,10000.0,1666.0,11666.0,1,Rural
LP001520,39.92940520363621,Male,Yes,4860.0,830.0,5690.0,1,Semiurban
LP001528,38.896075555319364,Male,No,6277.0,0.0,6277.0,0,Rural
LP001529,43.26460376376339,Male,Yes,2577.0,3750.0,6327.0,1,Rural
LP001531,41.816931342928434,Male,No,9166.0,0.0,9166.0,1,Urban
LP001532,36.55249105763887,Male,Yes,2281.0,0.0,2281.0,1,Rural
LP001535,37.60926093357406,Male,No,3254.0,0.0,3254.0,1,Urban
LP001536,92.51011699577761,Male,Yes,39999.0,0.0,39999.0,0,Semiurban
LP001541,39.16660691666331,Male,Yes,6000.0,0.0,6000.0,0,Rural
LP001543,38.01990123098684,Male,Yes,9538.0,0.0,9538.0,1,Urban
LP001546,41.50145901962531,Male,No,2980.0,2083.0,5063.0,1,Rural
LP001552,46.14069089586149,Male,Yes,4583.0,5625.0,10208.0,1,Semiurban
LP001560,36.46001947568861,Male,Yes,1863.0,1041.0,2904.0,1,Semiurban
LP001562,40.38550628052625,Male,Yes,7933.0,0.0,7933.0,1,Urban
LP001565,39.87724338362413,Male,Yes,3089.0,1280.0,4369.0,0,Semiurban
LP001570,39.64303759393408,Male,Yes,4167.0,1447.0,5614.0,1,Rural
LP001572,39.82076865222423,Male,Yes,9323.0,0.0,9323.0,1,Urban
LP001574,43.1384010382514,Male,Yes,3707.0,3166.0,6873.0,1,Rural
LP001577,39.45431934274318,Female,Yes,4583.0,0.0,4583.0,1,Rural
LP001578,42.96695510936931,Male,Yes,2439.0,3333.0,5772.0,1,Rural
LP001579,37.38306565908084,Male,No,2237.0,0.0,2237.0,0,Semiurban
LP001580,40.582029140951896,Male,Yes,8000.0,0.0,8000.0,1,Semiurban
LP001581,39.41230116315153,Male,Yes,1820.0,1769.0,3589.0,1,Rural
LP001585,91.73163039368453,Unknown,Yes,51763.0,0.0,51763.0,1,Urban
LP001586,39.13595090061025,Male,Yes,3522.0,0.0,3522.0,1,Rural
LP001594,42.24368990729959,Male,Yes,5708.0,5625.0,11333.0,1,Semiurban
LP001603,40.129055810899814,Male,Yes,4344.0,736.0,5080.0,1,Semiurban
LP001606,41.24434307620795,Male,Yes,3497.0,1964.0,5461.0,1,Rural
LP001608,38.77566432136442,Male,Yes,2045.0,1619.0,3664.0,1,Rural
LP001610,65.83215724765601,Male,Yes,5516.0,11300.0,16816.0,0,Semiurban
LP001616,38.86522191894463,Male,Yes,3750.0,0.0,3750.0,1,Semiurban
LP001630,39.615444262393964,Male,No,2333.0,1451.0,3784.0,0,Urban
LP001633,28.843197887047843,Male,Yes,6400.0,7250.0,13650.0,0,Urban
LP001634,36.9353171718602,Male,No,1916.0,5063.0,6979.0,0,Rural
LP001636,37.38167788083395,Male,Yes,4600.0,0.0,4600.0,1,Semiurban
LP001637,77.92575873486531,Male,Yes,33846.0,0.0,33846.0,1,Semiurban
LP001639,39.144928115813485,Female,Yes,3625.0,0.0,3625.0,1,Semiurban
LP001640,80.3615449929591,Male,Yes,39147.0,4750.0,43897.0,1,Semiurban
LP001641,38.048707904708074,Male,Yes,2178.0,0.0,2178.0,0,Rural
LP001643,41.48715276607484,Male,Yes,2383.0,2138.0,4521.0,0,Rural
LP001644,36.35636250623788,Unknown,Yes,674.0,5296.0,5970.0,1,Rural
LP001647,39.47945920711835,Male,Yes,9328.0,0.0,9328.0,1,Rural
LP001653,39.7395220538613,Male,No,4885.0,0.0,4885.0,1,Rural
LP001656,37.27500119271367,Male,No,12000.0,0.0,12000.0,1,Semiurban
LP001657,39.49348615391457,Male,Yes,6033.0,0.0,6033.0,1,Urban
LP001658,39.5026103345416,Male,No,3858.0,0.0,3858.0,1,Semiurban
LP001664,39.5026103345416,Male,No,4191.0,0.0,4191.0,1,Rural
LP001665,42.06719529907383,Male,Yes,3125.0,2583.0,5708.0,1,Semiurban
LP001666,30.530659093803752,Male,No,8333.0,3750.0,12083.0,1,Rural
LP001669,39.19881335527215,Female,No,1907.0,2365.0,4272.0,1,Urban
LP001671,42.244561772470355,Female,Yes,3416.0,2816.0,6232.0,0,Semiurban
LP001673,38.72807947592016,Male,No,11000.0,0.0,11000.0,1,Urban
LP001674,40.86696894310364,Male,Yes,2600.0,2500.0,5100.0,1,Semiurban
LP001677,39.05778980138982,Male,No,4923.0,0.0,4923.0,0,Semiurban
LP001682,39.790099333590604,Male,Yes,3992.0,0.0,3992.0,1,Urban
LP001688,39.01652556665324,Male,Yes,3500.0,1083.0,4583.0,1,Urban
LP001691,38.69479221004727,Male,Yes,3917.0,0.0,3917.0,1,Semiurban
LP001692,39.71133212260924,Female,No,4408.0,0.0,4408.0,1,Semiurban
LP001693,37.518597734038394,Female,No,3244.0,0.0,3244.0,1,Urban
LP001698,43.9575010035215,Male,No,3975.0,2531.0,6506.0,1,Rural
LP001699,36.88192757210774,Male,No,2479.0,0.0,2479.0,1,Urban
LP001702,39.22598967650798,Male,No,3418.0,0.0,3418.0,1,Semiurban
LP001708,39.40092414791852,Female,No,10000.0,0.0,10000.0,1,Semiurban
LP001711,42.385155734230004,Male,Yes,3430.0,1250.0,4680.0,0,Semiurban
LP001713,40.37164893540109,Male,Yes,7787.0,0.0,7787.0,1,Urban
LP001715,41.37556777950792,Male,Yes,5703.0,0.0,5703.0,1,Rural
LP001716,42.22663914480195,Male,Yes,3173.0,3021.0,6194.0,1,Urban
LP001720,42.40303727952023,Male,Yes,3850.0,983.0,4833.0,1,Semiurban
LP001722,37.03413563501899,Male,Yes,150.0,1800.0,1950.0,1,Rural
LP001726,41.14246452717915,Male,Yes,3727.0,1775.0,5502.0,1,Semiurban
LP001732,38.800777021523764,Male,Yes,5000.0,0.0,5000.0,0,Semiurban
LP001734,40.5484352716347,Female,Yes,4283.0,2383.0,6666.0,0,Semiurban
LP001736,36.47723947245962,Male,Yes,2221.0,0.0,2221.0,0,Urban
LP001743,40.52706847377667,Male,Yes,4009.0,1717.0,5726.0,1,Semiurban
LP001744,42.70418597692545,Male,No,2971.0,2791.0,5762.0,1,Semiurban
LP001749,41.61982811361326,Male,Yes,7578.0,1010.0,8588.0,1,Semiurban
LP001750,39.26105983377173,Male,Yes,6250.0,0.0,6250.0,1,Semiurban
LP001751,38.09892832344693,Male,Yes,3250.0,0.0,3250.0,1,Rural
LP001754,39.20950964888447,Male,Yes,4735.0,0.0,4735.0,1,Urban
LP001758,41.1105610575952,Male,Yes,6250.0,1695.0,7945.0,1,Semiurban
LP001760,39.7395220538613,Male,Unknown,4758.0,0.0,4758.0,1,Semiurban
LP001761,39.74411907868652,Male,No,6400.0,0.0,6400.0,1,Rural
LP001765,40.81077074074337,Male,Yes,2491.0,2054.0,4545.0,1,Semiurban
LP001768,35.73924991753007,Male,Yes,3716.0,0.0,3716.0,1,Rural
LP001770,42.7756501222894,Male,No,3189.0,2598.0,5787.0,1,Rural
LP001776,40.34461784428176,Female,No,8333.0,0.0,8333.0,1,Semiurban
LP001778,40.707536790914,Male,Yes,3155.0,1779.0,4934.0,1,Semiurban
LP001784,39.411214746924564,Male,Yes,5500.0,1260.0,6760.0,1,Rural
LP001786,39.66081498323274,Male,Yes,5746.0,0.0,5746.0,0,Urban
LP001788,38.345498769897596,Female,No,3463.0,0.0,3463.0,0,Urban
LP001790,39.031141566057286,Female,No,3812.0,0.0,3812.0,1,Rural
LP001792,38.450200128894735,Male,Yes,3315.0,0.0,3315.0,1,Semiurban
LP001798,46.3730213066459,Male,Yes,5819.0,5000.0,10819.0,1,Rural
LP001800,36.85122353183102,Male,Yes,2510.0,1983.0,4493.0,1,Urban
LP001806,33.772751777715186,Male,No,2965.0,5701.0,8666.0,1,Urban
LP001807,39.67216365894012,Male,Yes,6250.0,1300.0,7550.0,1,Rural
LP001811,43.80910864373743,Male,Yes,3406.0,4417.0,7823.0,1,Semiurban
LP001813,47.57562218076006,Male,No,6050.0,4333.0,10383.0,1,Urban
LP001814,38.01990123098684,Male,Yes,9703.0,0.0,9703.0,1,Urban
LP001819,38.00691760919404,Male,Yes,6608.0,0.0,6608.0,1,Urban
LP001824,40.707536790914,Male,Yes,2882.0,1843.0,4725.0,1,Semiurban
LP001825,38.689974319476306,Male,Yes,1809.0,1868.0,3677.0,1,Urban
LP001835,41.13358765798556,Male,Yes,1668.0,3890.0,5558.0,0,Semiurban
LP001836,37.46024235726987,Female,No,3427.0,0.0,3427.0,1,Urban
LP001841,41.59823215805831,Male,No,2583.0,2167.0,4750.0,1,Rural
LP001843,35.76525708073317,Male,Yes,2661.0,7101.0,9762.0,1,Semiurban
LP001844,69.58195119932384,Male,No,16250.0,0.0,16250.0,0,Urban
LP001846,39.967018095084455,Female,No,3083.0,0.0,3083.0,1,Rural
LP001849,39.321950878305096,Male,No,6045.0,0.0,6045.0,0,Rural
LP001854,40.89976729013224,Male,Yes,5250.0,0.0,5250.0,1,Urban
LP001859,73.17623222712018,Male,Yes,14683.0,2100.0,16783.0,1,Rural
LP001864,41.83221054250744,Male,Yes,4931.0,0.0,4931.0,0,Semiurban
LP001865,48.157567304915474,Male,Yes,6083.0,4250.0,10333.0,0,Urban
LP001868,41.05696024759265,Male,No,2060.0,2209.0,4269.0,1,Semiurban
LP001870,35.40049569510651,Female,No,3481.0,0.0,3481.0,1,Semiurban
LP001871,39.12109903840192,Female,No,7200.0,0.0,7200.0,1,Rural
LP001872,39.66062631681345,Male,No,5166.0,0.0,5166.0,1,Semiurban
LP001875,44.687487223727146,Male,No,4095.0,3447.0,7542.0,1,Rural
LP001877,39.81743448002037,Male,Yes,4708.0,1387.0,6095.0,1,Semiurban
LP001882,42.217082252859,Male,Yes,4333.0,1811.0,6144.0,0,Urban
LP001883,39.13532647697231,Female,No,3418.0,0.0,3418.0,1,Rural
LP001884,39.236363953971214,Female,No,2876.0,1560.0,4436.0,1,Urban
LP001888,36.85882309900229,Female,No,3237.0,0.0,3237.0,1,Urban
LP001891,36.64089139009225,Male,Yes,11146.0,0.0,11146.0,1,Urban
LP001892,41.37983726902912,Male,No,2833.0,1857.0,4690.0,1,Rural
LP001894,41.31487386327965,Male,Yes,2620.0,2223.0,4843.0,1,Semiurban
LP001896,38.69479221004727,Male,Yes,3900.0,0.0,3900.0,1,Semiurban
LP001900,40.74620354525857,Male,Yes,2750.0,1842.0,4592.0,1,Semiurban
LP001903,44.041149289224975,Male,Yes,3993.0,3274.0,7267.0,1,Semiurban
LP001904,39.76093194683196,Male,Yes,3103.0,1300.0,4403.0,1,Urban
LP001907,38.17100064416161,Male,Yes,14583.0,0.0,14583.0,1,Semiurban
LP001908,39.234574895692575,Female,Yes,4100.0,0.0,4100.0,0,Rural
LP001910,40.313805194108454,Male,No,4053.0,2426.0,6479.0,0,Urban
LP001914,40.31369473941022,Male,Yes,3927.0,800.0,4727.0,1,Semiurban
LP001915,34.44929039470877,Male,Yes,2301.0,985.8,3286.8,1,Urban
LP001917,38.59055079290963,Female,No,1811.0,1666.0,3477.0,1,Urban
LP001922,77.92575873486531,Male,Yes,20667.0,0.0,20667.0,1,Rural
LP001924,43.195709709185124,Male,No,3158.0,3053.0,6211.0,1,Rural
LP001925,41.6951506626436,Female,No,2600.0,1717.0,4317.0,1,Semiurban
LP001926,41.217379631110134,Male,Yes,3704.0,2000.0,5704.0,1,Rural
LP001931,39.45155243867342,Female,No,4124.0,0.0,4124.0,1,Semiurban
LP001935,40.94422136035183,Male,No,9508.0,0.0,9508.0,1,Rural
LP001936,41.42912456464725,Male,Yes,3075.0,2416.0,5491.0,1,Rural
LP001938,39.07932336583522,Male,Yes,4400.0,0.0,4400.0,0,Semiurban
LP001940,38.72193981727398,Male,Yes,3153.0,1560.0,4713.0,1,Urban
LP001945,38.96013554592341,Female,No,5417.0,0.0,5417.0,0,Urban
LP001947,42.822216326906606,Male,Yes,2383.0,3334.0,5717.0,1,Semiurban
LP001949,41.390619631334495,Male,Yes,4416.0,1250.0,5666.0,1,Urban
LP001953,39.55439804696041,Male,Yes,6875.0,0.0,6875.0,1,Semiurban
LP001954,38.10146521775185,Female,Yes,4666.0,0.0,4666.0,1,Urban
LP001955,43.75364433920784,Female,No,5000.0,2541.0,7541.0,1,Rural
LP001963,40.67689493868956,Male,Yes,2014.0,2925.0,4939.0,1,Urban
LP001964,40.886601530380545,Male,Yes,1800.0,2934.0,4734.0,0,Urban
LP001972,41.20810319285236,Male,Yes,2875.0,1750.0,4625.0,1,Semiurban
LP001974,39.432785778297784,Female,No,5000.0,0.0,5000.0,1,Rural
LP001977,37.69385366744735,Male,Yes,1625.0,1803.0,3428.0,1,Urban
LP001978,41.60059352290616,Male,No,4000.0,2500.0,6500.0,1,Rural
LP001990,36.08507249209561,Male,No,2000.0,0.0,2000.0,1,Urban
LP001993,41.051715506178,Female,No,3762.0,1666.0,5428.0,1,Rural
LP001994,40.17939028392987,Female,No,2400.0,1863.0,4263.0,0,Urban
LP001996,77.92575873486531,Male,No,20233.0,0.0,20233.0,1,Rural
LP001998,39.75265128943931,Male,Yes,7667.0,0.0,7667.0,0,Rural
LP002002,37.56975506902915,Female,No,2917.0,0.0,2917.0,1,Semiurban
LP002004,41.53275144954113,Male,No,2927.0,2405.0,5332.0,1,Semiurban
LP002006,37.61198243237989,Female,No,2507.0,0.0,2507.0,1,Rural
LP002008,36.67670359094784,Male,Yes,5746.0,0.0,5746.0,0,Rural
LP002024,40.967453611762586,Unknown,Yes,2473.0,1843.0,4316.0,1,Rural
LP002031,36.59479702638186,Male,Yes,3399.0,1640.0,5039.0,1,Urban
LP002035,38.578181985070366,Male,Yes,3717.0,0.0,3717.0,1,Semiurban
LP002036,39.73689425616812,Male,Yes,2058.0,2134.0,4192.0,0,Urban
LP002043,38.9414947861782,Female,No,3541.0,0.0,3541.0,0,Semiurban
LP002050,39.137808641126206,Male,Yes,10000.0,0.0,10000.0,1,Rural
LP002051,41.33585976738813,Male,Yes,2400.0,2167.0,4567.0,1,Semiurban
LP002053,42.26549446016516,Male,Yes,4342.0,189.0,4531.0,1,Semiurban
LP002054,39.8982718700472,Male,Yes,3601.0,1590.0,5191.0,1,Rural
LP002055,42.77292964083563,Female,No,3166.0,2985.0,6151.0,0,Rural
LP002065,44.04372001141864,Male,Yes,15000.0,0.0,15000.0,1,Rural
LP002067,28.81679343471869,Male,Yes,8666.0,4983.0,13649.0,0,Rural
LP002068,39.7395220538613,Male,No,4917.0,0.0,4917.0,0,Rural
LP002082,42.12805003307735,Male,Yes,5818.0,2160.0,7978.0,1,Semiurban
LP002086,40.56801277162445,Female,Yes,4333.0,2451.0,6784.0,1,Urban
LP002087,36.90105046235303,Female,No,2500.0,0.0,2500.0,1,Urban
LP002097,40.419023894801775,Male,No,4384.0,1793.0,6177.0,1,Urban
LP002098,37.550632178783864,Male,No,2935.0,0.0,2935.0,1,Semiurban
LP002100,36.839700208757,Male,No,2833.0,0.0,2833.0,1,Urban
LP002101,86.63739762852057,Male,Yes,63337.0,0.0,63337.0,1,Urban
LP002103,35.62071423695382,Unknown,Yes,9833.0,1833.0,11666.0,1,Urban
LP002106,45.99926369172742,Male,Yes,5503.0,4490.0,9993.0,1,Semiurban
LP002110,39.46750555604241,Male,Yes,5250.0,688.0,5938.0,1,Rural
LP002112,37.466527315810396,Male,Yes,2500.0,4600.0,7100.0,1,Rural
LP002113,37.63398170726711,Female,No,1830.0,0.0,1830.0,0,Urban
LP002114,39.45155243867342,Female,No,4160.0,0.0,4160.0,1,Semiurban
LP002115,42.20911662375694,Male,Yes,2647.0,1587.0,4234.0,1,Rural
LP002116,37.50094255807313,Female,No,2378.0,0.0,2378.0,1,Rural
LP002119,38.871177071523206,Male,Yes,4554.0,1229.0,5783.0,1,Urban
LP002126,39.59263202023649,Male,Yes,3173.0,0.0,3173.0,1,Semiurban
LP002128,40.41792716637461,Male,Yes,2583.0,2330.0,4913.0,1,Rural
LP002129,41.399887782634046,Male,Yes,2499.0,2458.0,4957.0,1,Semiurban
LP002130,43.1384010382514,Male,Yes,3523.0,3230.0,6753.0,0,Rural
LP002131,39.29827061237915,Male,Yes,3083.0,2168.0,5251.0,1,Urban
LP002137,48.146907124901304,Male,Yes,6333.0,4583.0,10916.0,0,Semiurban
LP002138,40.252135167847904,Male,Yes,2625.0,6250.0,8875.0,1,Rural
LP002139,41.847131459454225,Male,Yes,9083.0,0.0,9083.0,1,Semiurban
LP002140,30.14131547762434,Male,No,8750.0,4167.0,12917.0,1,Rural
LP002141,43.10866902645746,Male,Yes,2666.0,2083.0,4749.0,1,Rural
LP002142,38.75075460907961,Female,Yes,5500.0,0.0,5500.0,0,Rural
LP002143,37.74049866370943,Female,Yes,2423.0,505.0,2928.0,1,Semiurban
LP002144,35.837622640467316,Female,No,3813.0,0.0,3813.0,1,Urban
LP002149,42.7354102500313,Male,Yes,8333.0,3167.0,11500.0,1,Rural
LP002151,37.875186665883504,Male,Yes,3875.0,0.0,3875.0,1,Urban
LP002158,40.57867815012656,Male,Yes,3000.0,1666.0,4666.0,0,Urban
LP002160,47.29027564705596,Male,Yes,5167.0,3167.0,8334.0,1,Semiurban
LP002161,39.29092124999311,Female,No,4723.0,0.0,4723.0,1,Semiurban
LP002170,45.97237488839372,Male,Yes,5000.0,3667.0,8667.0,1,Semiurban
LP002175,41.3729599009636,Male,Yes,4750.0,2333.0,7083.0,1,Urban
LP002178,43.691750672645966,Male,Yes,3013.0,3033.0,6046.0,0,Urban
LP002180,39.70822932175271,Male,No,6822.0,0.0,6822.0,1,Rural
LP002181,39.15145088441227,Male,No,6216.0,0.0,6216.0,1,Rural
LP002187,37.592859542134605,Male,No,2500.0,0.0,2500.0,1,Semiurban
LP002188,39.7395220538613,Male,No,5124.0,0.0,5124.0,0,Rural
LP002190,39.331457962303126,Male,Yes,6325.0,0.0,6325.0,1,Semiurban
LP002191,81.07903326616578,Male,Yes,19730.0,5266.0,24996.0,1,Rural
LP002194,68.07940179923195,Female,No,15759.0,0.0,15759.0,1,Semiurban
LP002197,38.800777021523764,Male,Yes,5185.0,0.0,5185.0,1,Semiurban
LP002201,60.096479108085575,Male,Yes,9323.0,7873.0,17196.0,1,Rural
LP002205,36.99380438792379,Male,No,3062.0,1987.0,5049.0,0,Urban
LP002209,39.805555815254245,Female,No,2764.0,1459.0,4223.0,1,Urban
LP002211,37.611953792413466,Male,Yes,4817.0,923.0,5740.0,1,Urban
LP002219,32.947255393462775,Male,Yes,8750.0,4996.0,13746.0,1,Rural
LP002223,39.64245844812779,Male,Yes,4310.0,0.0,4310.0,0,Semiurban
LP002224,36.839700208757,Male,No,3069.0,0.0,3069.0,1,Urban
LP002225,37.86833376914856,Male,Yes,5391.0,0.0,5391.0,1,Urban
LP002226,41.42877345373458,Male,Yes,3333.0,2500.0,5833.0,1,Semiurban
LP002229,49.072643325777385,Male,No,5941.0,4232.0,10173.0,1,Semiurban
LP002231,39.277463581249535,Female,No,6000.0,0.0,6000.0,1,Urban
LP002234,39.72259051850218,Male,No,7167.0,0.0,7167.0,1,Urban
LP002236,38.14688011346002,Male,Yes,4566.0,0.0,4566.0,1,Urban
LP002237,35.230523900559795,Male,No,3667.0,0.0,3667.0,1,Urban
LP002239,40.45784541211956,Male,No,2346.0,1600.0,3946.0,1,Semiurban
LP002243,42.252538020669434,Male,Yes,3010.0,3136.0,6146.0,0,Urban
LP002244,40.67296958713579,Male,Yes,2333.0,2417.0,4750.0,1,Urban
LP002250,39.037697817505794,Male,Yes,5488.0,0.0,5488.0,1,Rural
LP002255,44.44544522172219,Male,No,9167.0,0.0,9167.0,1,Rural
LP002262,43.61803203547196,Male,Yes,9504.0,0.0,9504.0,1,Rural
LP002263,40.75458932895082,Male,Yes,2583.0,2115.0,4698.0,0,Urban
LP002265,35.384673108261495,Male,Yes,1993.0,1625.0,3618.0,1,Semiurban
LP002266,38.632534253690004,Male,Yes,3100.0,1400.0,4500.0,1,Urban
LP002272,38.83578113219775,Male,Yes,3276.0,484.0,3760.0,0,Semiurban
LP002277,36.85882309900229,Female,No,3180.0,0.0,3180.0,0,Urban
LP002281,40.1190027435442,Male,Yes,3033.0,1459.0,4492.0,1,Urban
LP002284,41.27795872000032,Male,No,3902.0,1666.0,5568.0,1,Rural
LP002287,38.169084373015934,Female,No,1500.0,1800.0,3300.0,0,Semiurban
LP002288,33.59601372914307,Male,Yes,2889.0,0.0,2889.0,0,Urban
LP002296,38.57845793722994,Male,No,2755.0,0.0,2755.0,1,Rural
LP002297,63.31900080735227,Male,No,2500.0,20000.0,22500.0,1,Semiurban
LP002300,36.81512735236776,Female,No,1963.0,0.0,1963.0,1,Semiurban
LP002301,39.217148156350156,Female,No,7441.0,0.0,7441.0,1,Rural
LP002305,39.71133212260924,Female,No,4547.0,0.0,4547.0,1,Semiurban
LP002308,40.612882332733356,Male,Yes,2167.0,2400.0,4567.0,1,Urban
LP002314,37.40218854932613,Female,No,2213.0,0.0,2213.0,1,Rural
LP002315,43.67890479007565,Male,Yes,8300.0,0.0,8300.0,0,Semiurban
LP002317,83.79847810212235,Male,Yes,81000.0,0.0,81000.0,0,Rural
LP002318,38.94817378573438,Female,No,3867.0,0.0,3867.0,1,Semiurban
LP002319,39.067610830928835,Male,Yes,6256.0,0.0,6256.0,0,Urban
LP002328,39.15942598569897,Male,Yes,6096.0,0.0,6096.0,0,Rural
LP002332,41.195337292417136,Male,Yes,2253.0,2033.0,4286.0,1,Rural
LP002335,42.32556977203585,Female,Yes,2149.0,3237.0,5386.0,0,Semiurban
LP002337,36.85882309900229,Female,No,2995.0,0.0,2995.0,1,Urban
LP002341,36.07963874305308,Female,No,2600.0,0.0,2600.0,1,Urban
LP002342,62.369612104862455,Male,Yes,1600.0,20000.0,21600.0,1,Urban
LP002345,40.93308746523228,Male,Yes,1025.0,2773.0,3798.0,1,Rural
LP002347,40.67605064963674,Male,Yes,3246.0,1417.0,4663.0,1,Semiurban
LP002348,39.497254808909965,Male,Yes,5829.0,0.0,5829.0,1,Rural
LP002357,36.83648326686822,Female,No,2720.0,0.0,2720.0,0,Urban
LP002361,38.689974319476306,Male,Yes,1820.0,1719.0,3539.0,1,Urban
LP002362,42.81269999237459,Male,Yes,7250.0,1667.0,8917.0,0,Urban
LP002364,38.17100064416161,Male,Yes,14880.0,0.0,14880.0,1,Semiurban
LP002366,42.97879883328863,Male,Yes,2666.0,4300.0,6966.0,1,Rural
LP002367,39.29092124999311,Female,No,4606.0,0.0,4606.0,1,Rural
LP002368,38.857080919980035,Male,Yes,5935.0,0.0,5935.0,1,Semiurban
LP002369,37.679148410113406,Male,Yes,2920.0,16.12,2936.12,1,Rural
LP002370,34.61708836916174,Male,No,2717.0,0.0,2717.0,1,Urban
LP002377,41.49720403038236,Female,No,8624.0,0.0,8624.0,1,Semiurban
LP002379,39.12151372309992,Male,No,6500.0,0.0,6500.0,0,Rural
LP002386,40.382680037384326,Male,No,12876.0,0.0,12876.0,1,Semiurban
LP002387,41.399887782634046,Male,Yes,2425.0,2340.0,4765.0,1,Semiurban
LP002390,38.94845317486617,Male,No,3750.0,0.0,3750.0,1,Urban
LP002393,44.21038839556167,Female,Unknown,10047.0,0.0,10047.0,1,Semiurban
LP002398,39.65484230752989,Male,No,1926.0,1851.0,3777.0,1,Semiurban
LP002401,38.659555183865265,Male,Yes,2213.0,1125.0,3338.0,1,Urban
LP002403,41.53480666115036,Male,No,10416.0,0.0,10416.0,0,Urban
LP002407,39.37432223521016,Female,Yes,7142.0,0.0,7142.0,1,Rural
LP002408,40.303266828567835,Male,No,3660.0,5064.0,8724.0,1,Semiurban
LP002409,44.73459654829,Male,Yes,7901.0,1833.0,9734.0,1,Rural
LP002418,43.48006430499965,Male,No,4707.0,1993.0,6700.0,1,Semiurban
LP002422,77.92575873486531,Male,No,37719.0,0.0,37719.0,1,Semiurban
LP002424,57.79993544196213,Male,Yes,7333.0,8333.0,15666.0,0,Rural
LP002429,39.94904113174535,Male,Yes,3466.0,1210.0,4676.0,1,Rural
LP002434,39.07932336583522,Male,Yes,4652.0,0.0,4652.0,1,Rural
LP002435,40.750957287336895,Male,Yes,3539.0,1376.0,4915.0,1,Rural
LP002443,40.16023337773422,Male,Yes,3340.0,1710.0,5050.0,0,Rural
LP002444,40.399418236289634,Male,No,2769.0,1542.0,4311.0,0,Semiurban
LP002446,38.803341689414935,Male,Yes,2309.0,1255.0,3564.0,0,Rural
LP002447,38.975389544577574,Male,Yes,1958.0,1456.0,3414.0,0,Urban
LP002448,41.46915945465034,Male,Yes,3948.0,1733.0,5681.0,0,Rural
LP002449,37.649573528516704,Male,Yes,2483.0,2466.0,4949.0,0,Rural
LP002453,39.809863169825476,Male,No,7085.0,0.0,7085.0,1,Semiurban
LP002455,38.69479221004727,Male,Yes,3859.0,0.0,3859.0,1,Semiurban
LP002459,39.16980821575341,Male,Yes,4301.0,0.0,4301.0,1,Urban
LP002467,42.1001107407576,Male,Yes,3708.0,2569.0,6277.0,1,Urban
LP002472,39.33633614570128,Male,No,4354.0,0.0,4354.0,1,Rural
LP002473,41.549222929577255,Male,Yes,8334.0,0.0,8334.0,1,Semiurban
LP002478,41.78687987822551,Unknown,Yes,2083.0,4083.0,6166.0,0,Semiurban
LP002484,42.099057802130794,Male,Yes,7740.0,0.0,7740.0,1,Urban
LP002487,41.43746966936353,Male,Yes,3015.0,2188.0,5203.0,1,Rural
LP002489,39.012374905681654,Female,No,5191.0,0.0,5191.0,1,Semiurban
LP002493,39.5026103345416,Male,No,4166.0,0.0,4166.0,0,Semiurban
LP002494,39.321950878305096,Male,No,6000.0,0.0,6000.0,1,Rural
LP002500,39.610633346885734,Male,Yes,2947.0,1664.0,4611.0,0,Urban
LP002501,72.43008502185162,Unknown,Yes,16692.0,0.0,16692.0,1,Semiurban
LP002502,37.61324381860864,Female,Yes,210.0,2917.0,3127.0,1,Semiurban
LP002505,41.081228649508496,Male,Yes,4333.0,2451.0,6784.0,1,Urban
LP002515,40.83807064331706,Male,Yes,3450.0,2079.0,5529.0,1,Semiurban
LP002517,36.541515496639896,Male,Yes,2653.0,1500.0,4153.0,0,Rural
LP002519,42.1107568868189,Male,Yes,4691.0,0.0,4691.0,1,Semiurban
LP002522,36.9514093296981,Female,No,2500.0,0.0,2500.0,0,Urban
LP002524,46.08132965705781,Male,No,5532.0,4648.0,10180.0,1,Rural
LP002527,77.20827046165863,Male,Yes,16525.0,1014.0,17539.0,1,Rural
LP002529,45.73711372649447,Male,Yes,6700.0,1750.0,8450.0,1,Semiurban
LP002530,39.91816702672944,Unknown,Yes,2873.0,1872.0,4745.0,0,Semiurban
LP002531,77.69873928723185,Male,Yes,16667.0,2250.0,18917.0,1,Semiurban
LP002533,38.72193981727398,Male,Yes,2947.0,1603.0,4550.0,1,Urban
LP002534,39.71133212260924,Female,No,4350.0,0.0,4350.0,1,Rural
LP002536,39.59263202023649,Male,Yes,3095.0,0.0,3095.0,1,Rural
LP002537,42.71304004012185,Male,Yes,2083.0,3150.0,5233.0,1,Semiurban
LP002541,39.75453660199826,Male,Yes,10833.0,0.0,10833.0,1,Semiurban
LP002543,40.582029140951896,Male,Yes,8333.0,0.0,8333.0,1,Semiurban
LP002544,40.294340597128,Male,Yes,1958.0,2436.0,4394.0,1,Rural
LP002545,38.897038077080005,Male,No,3547.0,0.0,3547.0,0,Rural
LP002547,77.92575873486531,Male,Yes,18333.0,0.0,18333.0,1,Urban
LP002555,41.08223677943458,Male,Yes,4583.0,2083.0,6666.0,1,Semiurban
LP002556,36.88192757210774,Male,No,2435.0,0.0,2435.0,1,Urban
LP002560,42.681846144791386,Male,No,2699.0,2785.0,5484.0,0,Semiurban
LP002562,38.95947270797262,Male,Yes,5333.0,1131.0,6464.0,0,Urban
LP002571,39.46091521349568,Male,No,3691.0,0.0,3691.0,1,Rural
LP002582,77.20827046165863,Female,No,17263.0,0.0,17263.0,1,Semiurban
LP002585,41.5085827038148,Male,Yes,3597.0,2157.0,5754.0,0,Rural
LP002586,36.06762791328456,Female,Yes,3326.0,913.0,4239.0,1,Semiurban
LP002587,41.17525290544522,Male,Yes,2600.0,1700.0,4300.0,1,Rural
LP002588,42.57423538608015,Male,Yes,4625.0,2857.0,7482.0,0,Urban
LP002600,36.897593917686194,Male,Yes,2895.0,0.0,2895.0,1,Semiurban
LP002602,49.41794920824527,Male,No,6283.0,4416.0,10699.0,0,Rural
LP002603,41.95228527278803,Female,No,645.0,3683.0,4328.0,1,Rural
LP002606,37.56975506902915,Female,No,3159.0,0.0,3159.0,1,Semiurban
LP002615,46.3730213066459,Male,Yes,4865.0,5624.0,10489.0,1,Semiurban
LP002618,41.14922288614791,Male,Yes,4050.0,5302.0,9352.0,0,Rural
LP002619,41.481568995207454,Male,Yes,3814.0,1483.0,5297.0,1,Semiurban
LP002622,43.34755022078481,Male,Yes,3510.0,4416.0,7926.0,1,Rural
LP002624,81.07903326616578,Male,Yes,20833.0,6667.0,27500.0,0,Urban
LP002625,38.650973688767465,Unknown,No,3583.0,0.0,3583.0,1,Urban
LP002626,42.14897034678683,Male,Yes,2479.0,3013.0,5492.0,1,Urban
LP002634,39.60304132904651,Female,No,13262.0,0.0,13262.0,1,Urban
LP002637,40.65984986314456,Male,No,3598.0,1287.0,4885.0,1,Rural
LP002640,41.83868163494188,Male,Yes,6065.0,2004.0,8069.0,1,Semiurban
LP002643,39.125920042561056,Male,Yes,3283.0,2035.0,5318.0,1,Urban
LP002648,35.03020704804873,Male,Yes,2130.0,6666.0,8796.0,1,Semiurban
LP002652,45.985557992994124,Male,No,5815.0,3666.0,9481.0,1,Rural
LP002659,45.03350197717937,Male,Yes,3466.0,3428.0,6894.0,1,Rural
LP002670,38.94315716367219,Female,Yes,2031.0,1632.0,3663.0,1,Semiurban
LP002682,41.169436438507795,Male,Yes,3074.0,1800.0,4874.0,0,Semiurban
LP002683,41.91005955318869,Male,No,4683.0,1915.0,6598.0,1,Semiurban
LP002684,39.13532647697231,Female,No,3400.0,0.0,3400.0,1,Rural
LP002689,39.63781984006506,Male,Yes,2192.0,1742.0,3934.0,1,Semiurban
LP002690,37.592859542134605,Male,No,2500.0,0.0,2500.0,1,Semiurban
LP002692,41.913282207714765,Male,Yes,5677.0,1424.0,7101.0,1,Rural
LP002693,25.33195979058016,Male,Yes,7948.0,7166.0,15114.0,1,Rural
LP002697,42.0631975007995,Male,No,4680.0,2087.0,6767.0,1,Semiurban
LP002699,77.20827046165863,Male,Yes,17500.0,0.0,17500.0,1,Rural
LP002705,39.28563279156076,Male,Yes,3775.0,0.0,3775.0,1,Semiurban
LP002706,40.08262782042752,Male,Yes,5285.0,1430.0,6715.0,0,Semiurban
LP002714,39.93328909578305,Male,No,2679.0,1302.0,3981.0,1,Semiurban
LP002716,39.71381405187724,Male,No,6783.0,0.0,6783.0,1,Semiurban
LP002717,37.00788828479414,Male,Yes,1025.0,5500.0,6525.0,0,Rural
LP002720,41.150608135222775,Male,Yes,4281.0,0.0,4281.0,1,Urban
LP002723,38.897038077080005,Male,No,3588.0,0.0,3588.0,0,Rural
LP002729,36.9498602429637,Male,No,11250.0,0.0,11250.0,0,Semiurban
LP002731,77.20827046165863,Female,No,18165.0,0.0,18165.0,1,Urban
LP002732,41.460731386724426,Male,No,2550.0,2042.0,4592.0,1,Rural
LP002734,45.76024191718826,Male,Yes,6133.0,3906.0,10039.0,1,Urban
LP002738,38.86172827681651,Male,No,3617.0,0.0,3617.0,1,Semiurban
LP002739,39.552919181070585,Male,Yes,2917.0,536.0,3453.0,1,Rural
LP002740,41.763766845157726,Male,Yes,6417.0,0.0,6417.0,1,Rural
LP002741,42.184290200083126,Female,Yes,4608.0,2845.0,7453.0,1,Semiurban
LP002743,37.40218854932613,Female,No,2138.0,0.0,2138.0,0,Semiurban
LP002753,38.9414947861782,Female,No,3652.0,0.0,3652.0,1,Semiurban
LP002755,41.07486264431317,Male,Yes,2239.0,2524.0,4763.0,1,Urban
LP002757,39.73401842483463,Female,Yes,3017.0,663.0,3680.0,0,Semiurban
LP002767,41.20474623877129,Male,Yes,2768.0,1950.0,4718.0,1,Rural
LP002768,35.76737359457511,Male,No,3358.0,0.0,3358.0,1,Semiurban
LP002772,41.44370295977372,Male,No,2526.0,1783.0,4309.0,1,Rural
LP002776,39.432785778297784,Female,No,5000.0,0.0,5000.0,0,Semiurban
LP002777,41.20474623877129,Male,Yes,2785.0,2016.0,4801.0,1,Rural
LP002778,39.45017151907363,Male,Yes,6633.0,0.0,6633.0,0,Rural
LP002784,41.03179211253826,Male,Yes,2492.0,2375.0,4867.0,1,Rural
LP002785,41.9138136420981,Male,Yes,3333.0,3250.0,6583.0,1,Urban
LP002788,40.75458932895082,Male,Yes,2454.0,2333.0,4787.0,0,Urban
LP002789,39.13168609338682,Male,Yes,3593.0,4266.0,7859.0,0,Rural
LP002792,38.943410316772294,Male,Yes,5468.0,1032.0,6500.0,1,Semiurban
LP002794,40.00590542417815,Female,No,2667.0,1625.0,4292.0,0,Urban
LP002795,43.68219064899991,Male,Yes,10139.0,0.0,10139.0,1,Semiurban
LP002798,43.39028570776679,Male,Yes,3887.0,2669.0,6556.0,1,Semiurban
LP002804,40.79125221795452,Female,Yes,4180.0,2306.0,6486.0,1,Semiurban
LP002807,39.017396687234466,Male,Yes,3675.0,242.0,3917.0,1,Semiurban
LP002813,77.20827046165863,Female,Yes,19484.0,0.0,19484.0,1,Semiurban
LP002820,41.57610775939695,Male,Yes,5923.0,2054.0,7977.0,1,Rural
LP002821,39.44314598828628,Male,No,5800.0,0.0,5800.0,1,Semiurban
LP002832,41.48669011646765,Male,Yes,8799.0,0.0,8799.0,0,Urban
LP002833,39.7610556183067,Male,Yes,4467.0,0.0,4467.0,0,Rural
LP002836,38.4162534119015,Male,No,3333.0,0.0,3333.0,1,Urban
LP002837,43.29088374090478,Male,Yes,3400.0,2500.0,5900.0,0,Rural
LP002840,36.790010588046265,Female,No,2378.0,0.0,2378.0,1,Urban
LP002841,40.66163314637818,Male,Yes,3166.0,2064.0,5230.0,0,Urban
LP002842,39.78772693087764,Male,Yes,3417.0,1750.0,5167.0,1,Urban
LP002847,39.814785425959286,Male,Yes,5116.0,1451.0,6567.0,0,Urban
LP002855,70.29943947253052,Male,Yes,16666.0,0.0,16666.0,1,Urban
LP002862,40.68684679871686,Male,Yes,6125.0,1625.0,7750.0,1,Semiurban
LP002863,42.442649053018826,Male,Yes,6406.0,0.0,6406.0,1,Semiurban
LP002868,35.094047228375544,Male,Yes,3159.0,461.0,3620.0,1,Urban
LP002872,40.978535255913584,Unknown,Yes,3087.0,2210.0,5297.0,0,Semiurban
LP002874,42.08205861554057,Male,No,3229.0,2739.0,5968.0,1,Urban
LP002877,39.27134618403904,Male,Yes,1782.0,2232.0,4014.0,1,Rural
LP002888,42.470602005421675,Male,No,3182.0,2917.0,6099.0,1,Urban
LP002892,39.37532577510134,Male,Yes,6540.0,0.0,6540.0,1,Semiurban
LP002893,63.00666990397228,Male,No,1836.0,33837.0,35673.0,1,Urban
LP002894,37.31318068861165,Female,Yes,3166.0,0.0,3166.0,1,Semiurban
LP002898,35.61928939991497,Male,Yes,1880.0,0.0,1880.0,0,Rural
LP002911,40.742846591177496,Male,Yes,2787.0,1917.0,4704.0,0,Rural
LP002912,42.068870847928096,Male,Yes,4283.0,3000.0,7283.0,1,Rural
LP002916,39.60958764904288,Male,Yes,2297.0,1522.0,3819.0,1,Urban
LP002917,37.40218854932613,Female,No,2165.0,0.0,2165.0,1,Semiurban
LP002925,39.71133212260924,Unknown,No,4750.0,0.0,4750.0,1,Semiurban
LP002926,36.585145491188776,Male,Yes,2726.0,0.0,2726.0,0,Semiurban
LP002928,39.79182756724929,Male,Yes,3000.0,3416.0,6416.0,1,Semiurban
LP002931,43.40011203587572,Male,Yes,6000.0,0.0,6000.0,1,Semiurban
LP002933,43.290210668792554,Unknown,No,9357.0,0.0,9357.0,1,Semiurban
LP002936,40.1472493665942,Male,Yes,3859.0,3300.0,7159.0,1,Rural
LP002938,69.58195119932384,Male,Yes,16120.0,0.0,16120.0,1,Urban
LP002940,39.5026103345416,Male,No,3833.0,0.0,3833.0,1,Rural
LP002941,39.90076981035448,Male,Yes,6383.0,1000.0,7383.0,1,Rural
LP002943,37.550632178783864,Male,No,2987.0,0.0,2987.0,0,Semiurban
LP002945,39.83712379894162,Male,Yes,9963.0,0.0,9963.0,1,Rural
LP002948,38.510286687982436,Male,Yes,5780.0,0.0,5780.0,1,Urban
LP002949,69.54373082145334,Female,No,416.0,41667.0,42083.0,0,Urban
LP002950,42.600559092031574,Male,Yes,2894.0,2792.0,5686.0,1,Rural
LP002953,41.207860497451456,Male,Yes,5703.0,0.0,5703.0,1,Urban
LP002958,43.26455652607775,Male,No,3676.0,4301.0,7977.0,1,Rural
LP002959,37.019322813018334,Female,Yes,12000.0,0.0,12000.0,1,Semiurban
LP002960,39.931524368287604,Male,Yes,2400.0,3800.0,6200.0,1,Urban
LP002961,40.96687380614078,Male,Yes,3400.0,2500.0,5900.0,1,Semiurban
LP002964,39.70698775743443,Male,Yes,3987.0,1411.0,5398.0,1,Rural
LP002974,41.20474623877129,Male,Yes,3232.0,1950.0,5182.0,1,Rural
LP002978,37.56975506902915,Female,No,2900.0,0.0,2900.0,1,Rural
LP002979,40.24555802802734,Male,Yes,4106.0,0.0,4106.0,1,Rural
LP002983,40.70083901161744,Male,Yes,8072.0,240.0,8312.0,1,Urban
LP002984,39.45641844376126,Male,Yes,7583.0,0.0,7583.0,1,Urban
LP002990,39.63243638556139,Female,No,4583.0,0.0,4583.0,0,Semiurban
